national_party,ep_group,quantity_votes_party,quantity_votes_group,party_defection,party_cohesion,group_defection,group_cohesion
,EPP,0,1107,,0.022611485309133695,,0.9215506774987301
Citizens for European Development of Bulgaria,EPP,1147,1154,0.01340453356582389,0.03791693024793469,0.9555242634315424,0.9198144174347884
Forza Italia,EPP,1202,1202,0.07042132160684574,0.08742543601297473,0.8112025592266856,0.9260578839221965
Lega,IDG,1192,1192,0.004353969253451691,0.05729455915222013,0.9904888765349307,0.642289534110317
Partit Laburista,S&D,1167,1167,0.0029991431019708655,0.0313165280944604,0.9782562125107113,0.965283129791858
Vox,ECR,1201,1213,0.007077435470441299,0.17804444382981346,0.9870156636438582,0.7585919457648043
Partido Socialista Obrero Español,S&D,1237,1237,0.03769802436568381,0.03933671134509081,0.9910107810844513,0.964180949849396
Green Party,Greens/EFA,98,294,0.0,0.6316837012282701,0.9938325330132052,0.9730052881058815
Centerpartiet,REG,1108,1209,0.0,0.06359934376458731,0.9925558312655087,0.9197114002543832
Union of Democratic Forces,EPP,0,1183,,0.03715022975181595,,0.9266780101088656
Régions et Peuples Solidaires,Greens/EFA,0,1178,,0.01230686895504712,,0.9714352974421337
Movement for Rights and Freedoms,REG,1228,1228,0.0016286644951140066,0.02027095289170574,0.9969462540716613,0.9202546896289169
Scottish National Party,Greens/EFA,97,329,0.0,0.5693160168725616,1.0,0.9724995856921814
Partido Social Democrata,EPP,1171,1171,0.008966695132365499,0.01651921748948914,0.99233561058924,0.9254432634311671
Gods kalpot Rīgai,S&D,0,1155,,0.006570834547874299,,0.9666485514468104
Alternative für Deutschland,IDG,1158,1158,0.0120666790032075,0.1525001982862419,0.981610843819393,0.6374304275451899
Sinn Féin,,66,0,0.0,,0.9987373737373737,
Bündnis 90/Die Grünen,Greens/EFA,1226,1226,0.0029503305572250362,0.002702817342338722,0.9915114258469845,0.9710634132323326
Parti Socialiste,S&D,1136,1136,0.008142605633802816,0.05028851534632125,0.9563380281690141,0.9657421018825435
Rassemblement national,IDG,1179,1179,0.002544529262086514,0.08547363100633051,0.995290665460885,0.6330398072114224
PASOK-KINAL,S&D,0,1105,,0.006026441811887457,,0.9685188464115436
Vlaams Belang,IDG,1148,1150,0.003484320557491289,0.13983917828268655,0.9817391304347826,0.6335152683706531
Eesti Reformierakond,REG,1081,1230,0.0,0.01749885691923904,0.9939024390243902,0.9209623260681601
Demokratikus Koalíció,S&D,1171,1180,0.0,0.015885206984540486,0.9958686440677966,0.9644104171153485
Parti Socialiste,S&D,1224,1224,0.040747549019607844,0.03583377547090809,0.9554942810457515,0.9638707506103368
Partido Popular,EPP,1232,1232,0.0031637396694214875,0.020732096017902903,0.98298609534405,0.9234432678340716
Christlich Soziale Partei,EPP,0,1224,,0.051252837332964284,,0.9231508765569553
Platforma Obywatelska,EPP,1221,1221,0.00894075894075894,0.01473868471790578,0.9738818068363522,0.9230270733117011
Uniunea Salvați România,REG,445,716,0.027857142857142858,0.33412494269016807,0.9882526564344746,0.921625715920509
Coalition of the Radical Left,The Left,1186,1186,0.006766441821247892,0.05782840632110052,0.9838532883642495,0.8120110038468132
Nea Demokratia,EPP,1219,1219,0.008305988515176374,0.02622858759710018,0.9882016875659206,0.9231497068843081
La France Insoumise,The Left,1140,1140,0.00932017543859649,0.05359554738402892,0.9729166666666667,0.8082702751725797
Socialistisk Folkeparti,Greens/EFA,1166,1179,0.0,0.008024159135547179,0.9949109414758269,0.9731771948825826
Lietuvos Respublikos liberalų sąjūdis,REG,0,1246,,0.013362259147826528,,0.9196288473027137
Partidul Social Democrat,S&D,1160,1160,0.0250615763546798,0.03608500387452959,0.9810729679802954,0.9620903232277087
Volkspartij voor Vrijheid en Democratie,REG,1234,1235,0.0008103727714748784,0.05855186888543671,0.995748987854251,0.919021723058516
Lega,IDG,1227,1227,0.0018910889427246227,0.056330808622170485,0.9908686136826181,0.6367166910119146
,S&D,0,1192,,0.01301695317558339,,0.9622599889967418
Rassemblement national,IDG,1200,1200,0.0020132211538461536,0.08291409204613918,0.994620706187947,0.632593375263127
Sozialdemokratische Partei Deutschlands,S&D,1155,1155,0.009828266971124114,0.015983262891832665,0.9734830843759416,0.9659980713229894
EH BILDU,The Left,0,1225,,0.0205015863272739,,0.8111088113247421
Partito Democratico,S&D,1217,1217,0.006842171796978699,0.01042023957413466,0.9842197295309457,0.9663520186252116
Partidul Mișcarea Populară,EPP,1151,1196,0.0,0.019298691952743235,0.9855769230769231,0.9228445896824706
Lega,IDG,1216,1216,0.0,0.056663951287292354,0.9906674541355649,0.6365848944797035
Ciudadanos – Partido de la Ciudadanía,REG,1207,1207,0.002982601491300746,0.010220072823952233,0.990410107705054,0.9192337949992149
,,0.0,0.0,,,,
Liberal Democrats,REG,94,505,0.031174676387442347,0.6829572849322979,0.8942790365662706,0.9211947422015346
Alternative für Deutschland,IDG,1195,1195,0.014151225343693962,0.15756268564369658,0.9822250448296475,0.6355176769522198
Freie Demokratische Partei,REG,1241,1242,0.0016116035455278,0.047507972765002356,0.9947665056360708,0.9205179305504773
Movimento 5 Stelle,,1231,0,0.0008123476848090983,,0.9958367181153533,
Rassemblement national,IDG,1184,1184,0.002982474662162162,0.08637258415239112,0.9951112084444612,0.631820026118374
,S&D,0,1204,,0.006725086706400745,,0.9646803447840621
Les Républicains,EPP,1235,1235,0.040242914979757086,0.12150013653571214,0.9604395604395604,0.9237449667716878
Partidul Social Democrat,S&D,1097,1098,0.0032556322437817422,0.013035430171570115,0.9830096929482175,0.9621379497208266
Partito Democratico,S&D,1238,1238,0.004283539562214845,0.012002044233141345,0.9820831581584812,0.9630290937218793
Partido Popular,EPP,1225,1225,0.034066481137909714,0.04525291867001767,0.9822209695066839,0.9225617736834818
Liberal Democrats,REG,107,518,0.014018691588785047,0.6640750991191795,0.8997638265161629,0.9210264916508294
SMER-Sociálna demokracia,S&D,927,1191,0.0,0.02233105720354238,0.9716624685138538,0.9637547833823435
Christlich Demokratische Union Deutschlands,EPP,1142,1142,0.010261483991781714,0.010449997842036318,0.9835180798890566,0.9200232468081082
Christen Democratisch Appèl,EPP,1227,1227,0.0005093724531377343,0.0203078055463168,0.9878973105134475,0.9231090541818032
Liberal-Conservative Refomists,ECR,0,1209,,0.31717789714441164,,0.758324724981228
Christlich Demokratische Union Deutschlands,EPP,1182,1182,0.006279894668219542,0.0087529615405325,0.9843031530204982,0.9236891735858612
Arbetarepartiet- Socialdemokraterna,S&D,1209,1209,0.013957816377171216,0.032408095903057266,0.9878411910669975,0.964364333247995
Forza Italia,EPP,662,662,0.0007552870090634441,0.025912329871336518,0.8215508559919434,0.9285513742820877
Österreichische Volkspartei,EPP,1209,1209,0.006575682382133995,0.03148375212295435,0.9844972232069006,0.9241979827652971
,S&D,0,1210,,0.0030643044078967627,,0.9649304722974706
,ECR,0,1204,,0.0037642539191448084,,0.7562829943261853
La République en marche,REG,1220,1220,0.003790983606557377,0.016866770363204248,0.9919262295081968,0.9212089662426612
Partido Nacionalista Vasco,REG,0,1220,,0.017599454155291405,,0.9190986746132207
SPOLU – občianska demokracia,EPP,0,1231,,0.030609114828636312,,0.9248169311792065
Rassemblement national,IDG,1230,1230,0.004945148009172399,0.08493844124022203,0.9948865299521307,0.6348622438686604
Sozialdemokratische Partei Deutschlands,S&D,1223,1223,0.00811955828309058,0.018961743894326276,0.974532732530484,0.965161011318237
Europe Écologie,Greens/EFA,1223,1223,0.008023303352412102,0.017542266625009975,0.9852278921677939,0.9711182086014486
Lega,IDG,1248,1248,0.0015503065774804907,0.058287435014266885,0.9907565097987555,0.6370714391332056
Vänsterpartiet,The Left,0,1221,,0.08377577442676107,,0.8095955374251986
Partidul Naţional Liberal,EPP,1240,1240,0.0018605990783410137,0.009689878897985477,0.9816748271889402,0.9234419861832499
Svoboda a přímá demokracie,IDG,1138,1194,0.0,0.17847371979195112,0.7273869346733668,0.633198259454252
Lietuvos socialdemokratų partija,S&D,1169,1193,0.0,0.0019044299575201333,0.9874266554903605,0.9648131064463219
Bündnis 90/Die Grünen,Greens/EFA,1205,1205,0.0,0.0002829121086382497,0.9923594020387246,0.9719142741288361
Fidesz-Magyar Polgári Szövetség-Kereszténydemokrata Néppárt,,1219,0,0.0008203445447087777,,0.9891071773454874,
Volt,Greens/EFA,0,1196,,0.010131129928434963,,0.9727554598601651
Partidul Naţional Liberal,EPP,1060,1060,0.003891509433962264,0.01304897453173464,0.9861938454627135,0.9306157547907414
Slovenska ljudska stranka,EPP,0,1170,,0.02730042220872032,,0.9199968642503416
La France Insoumise,The Left,1092,1092,0.008012820512820512,0.052786452772822096,0.9725274725274725,0.812220458857902
Partito Democratico,S&D,1242,1242,0.004814254451935612,0.003577681325513818,0.9826239531402576,0.9637795273407924
Lega,IDG,1163,1163,0.03630789936072377,0.08149688980554182,0.9909227731397424,0.6356878856130531
Lega,IDG,1225,1225,0.003673469387755102,0.056843280363266274,0.9907916784057377,0.637278788529819
Socijaldemokratska partija Hrvatske,S&D,1212,1220,0.004125412541254125,0.006632246238541817,0.9931352459016394,0.9644613427430255
Parti du Travail de Belgique,The Left,0,1249,,0.10198265024900077,,0.8113887552912312
Uniunea Salvați România,REG,1213,1214,0.0051466258391237776,0.006546446429827465,0.9905977877147565,0.9237279769279692
Nieuw-Vlaamse Alliantie,ECR,1136,1141,0.0008802816901408451,0.13244492222727608,0.9934268185801928,0.7623728230630313
,REG,0,1231,,0.015571200374148827,,0.9189584366093472
Piratenpartei Deutschland,Greens/EFA,0,1166,,0.044813832396991264,,0.9722632434173918
Socialni demokrati,S&D,1130,1205,0.0,0.0340926103528724,0.9763485477178423,0.9631284292768829
Ecologistes Confédérés pour l'Organisation de Luttes Originales,Greens/EFA,1183,1229,0.0,0.006811656707855883,0.9957282343368592,0.971130738123872
Liberal Democrats,REG,107,518,0.03700505102374261,0.6624324472805884,0.9079201561678197,0.9213186613690026
Prawo i Sprawiedliwość,ECR,1184,1184,0.004030749829519852,0.004562302494353751,0.9846438973701539,0.760420938796886
Rassemblement national,IDG,1222,1222,0.0032733224222585926,0.08634078264801548,0.9948646954265377,0.6343747660739297
Mouvement Démocrate,REG,1107,1107,0.0009033423667570009,0.01543509188270771,0.9916666666666667,0.9170237573776189
Alternative für Deutschland,IDG,1143,1144,0.012584364454443192,0.16028953540547017,0.9809955669330668,0.6259482933526676
Ökologisch-Demokratische Partei,Greens/EFA,0,453,,0.34285559443341895,1.0,0.9714421798799951
Partidul Naţional Liberal,EPP,1223,1223,0.019163941128372854,0.023361641693043788,0.9825833235992678,0.9239963923940333
The Brexit Party,,67,0,0.0,,0.9506453963201547,
Sozialdemokratische Partei Deutschlands,S&D,1128,1128,0.005407712854521365,0.014329741555804127,0.9737883072158339,0.964969872980369
The Brexit Party,,91,0,0.0,,0.9493217300947011,
Liberal Democrats,REG,103,514,0.02019824835358816,0.6656420383100092,0.9043442399024924,0.920443591861808
Sozialdemokratische Partei Deutschlands,S&D,1203,1203,0.007391776967836819,0.02060931926273327,0.9735087318472604,0.9653380129014199
,,0.0,0.0,,,,
Partidul Naţional Liberal,EPP,1122,1122,0.0037693107546048718,0.010743009507468941,0.984715325524149,0.927783896762317
Bündnis 90/Die Grünen,Greens/EFA,1123,1123,0.009596690412585337,0.009202199973571324,0.992310245324169,0.9726205503587619
Vox,ECR,1156,1156,0.0025951557093425604,0.17985931811091824,0.9900519031141869,0.7582834756693283
Platforma Obywatelska,EPP,1051,1051,0.01363780526482715,0.009272293495525764,0.9734273892932314,0.9187111668509695
Azione,REG,0,1195,,0.026228721991060817,,0.9195829584719111
Lega,IDG,1241,1241,0.0011386329397750762,0.05657767008450549,0.990855458685614,0.637403821014477
Ciudadanos – Partido de la Ciudadanía,REG,1217,1217,0.006244864420706655,0.01308137808929541,0.990078060805259,0.9195804325319498
Liste Renaissance,REG,1169,1169,0.005303678357570574,0.020366811323336717,0.9819773717870383,0.9197725162211076
Europe Écologie,Greens/EFA,1145,1145,0.010297737197300514,0.02090528922676143,0.985862114595739,0.9713985109918383
Forza Italia,EPP,1233,1233,0.14399113660062562,0.24268263662925918,0.8066779631560653,0.9235105149290026
Sinn Féin,,66,0,0.0,,0.9987352445193929,
Partido Socialista,S&D,1221,1222,0.003480753480753481,0.0032120030599344274,0.993814784506274,0.9646728230978654
Partido Social Democrata,EPP,1232,1232,0.004728084415584415,0.012544670119042312,0.9910105519480521,0.9228214240258137
Partit Nazzjonalista,EPP,981,1201,0.0,0.03085590234869179,0.9981265611990008,0.9232998510040418
Lega,IDG,1181,1181,0.005950440606038294,0.06162009899213383,0.9908167350871363,0.6341628011539467
Christlich Demokratische Union Deutschlands,EPP,1196,1196,0.002109303739738522,0.006541164185410358,0.9845056968933878,0.9250726389498586
Movimento 5 Stelle,,1212,0,0.0021216407355021216,,0.9955062470532767,
Partido Popular,EPP,1135,1135,0.006399345881724736,0.019652595360391743,0.9837406939609584,0.9260336732359642
Bündnis 90/Die Grünen,Greens/EFA,1161,1161,0.002374031007751938,0.0024588707858405876,0.9922399286029377,0.9706678524870921
Lega,IDG,1190,1190,0.0045780138558439805,0.05968647829080932,0.9913987476621604,0.6343671073544427
Partido Socialista,S&D,1236,1236,0.0014664239482200647,0.0015008962010569656,0.9934803128371091,0.9635580464766077
Mouvement Démocrate,REG,1221,1221,0.005733005733005733,0.01786614513597358,0.9923423423423422,0.9210599515861507
Partij van de Arbeid,S&D,1222,1222,0.0024549918166939444,0.013939382925232559,0.9953764320785596,0.9643767554943006
La France Insoumise,The Left,1234,1235,0.007192058346839546,0.05277050073877107,0.9704453441295546,0.8107128953710141
Ano 2011,REG,1244,1244,0.002411575562700965,0.10632259975467064,0.9868167202572347,0.9198129087113587
Mouvement Réformateur,REG,1215,1248,0.0,0.007890889780514079,0.9933894230769231,0.9197642924194732
Partito Democratico,S&D,1216,1216,0.0003900978407557355,0.006238413453607296,0.9849067000023005,0.9650971957279602
Green Party,Greens/EFA,148,344,0.005308880308880309,0.5439435662975197,0.9919513248847925,0.9708422785674393
"Venstre, Danmarks Liberale Parti",REG,1204,1204,0.0024916943521594683,0.08743885564914544,0.9886835548172758,0.9242820636357066
Democratic Rally,EPP,1221,1236,0.0,0.034532367810595224,0.9908980582524272,0.9228881517534473
Sojusz Lewicy Demokratycznej - Unia Pracy,S&D,0,1214,,0.00898650809235703,,0.9636752237923176
Lega,IDG,1152,1152,0.003151419082125604,0.05950012688129564,0.9910552474963141,0.6336256010676996
Uniunea Salvați România,REG,1175,1175,0.007355623100303951,0.004474921636644273,0.9883708206686931,0.918882445406819
Partidul Social Democrat,S&D,1177,1177,0.019237771574220172,0.01918873930661515,0.9818257676902536,0.9633086823450183
SMER-Sociálna demokracia,S&D,927,947,0.0,0.044822343848581976,0.9643611404435058,0.9645706137328899
Les centristes,EPP,0,1218,,0.08837311985421986,,0.9224267881337282
,,0.0,0.0,,,,
Lega,IDG,1243,1243,0.002273601734933016,0.05857158554849242,0.9910511860248165,0.6375031934599555
Labour Party,S&D,113,470,0.013827433628318585,0.6865486199574938,0.9721660345554152,0.9630852283680892
Europe Écologie,Greens/EFA,1214,1214,0.007742998352553542,0.016247888092515442,0.9851889838607302,0.9712831419765546
,Greens/EFA,0,1236,,0.0592907346681908,,0.9712796162530876
Partito Democratico,S&D,1150,1150,0.005664118490205447,0.012353026245893106,0.985119494635799,0.965913429900169
PRO Romania,S&D,0,1192,,0.015624344227482611,,0.9643767841554527
Momentum,REG,1156,1201,0.0,0.01871778265584632,0.9950041631973355,0.9194533778227207
Green Party,Greens/EFA,1229,1229,0.003567069626874346,0.018146717789745824,0.9927336394281064,0.9721474010093657
Partit Laburista,S&D,1217,1226,0.003286770747740345,0.033460728293791375,0.9766517128874388,0.9634556161485816
Prawo i Sprawiedliwość,ECR,1184,1184,0.014722431613163877,0.013011738447485002,0.9842567761927544,0.7574099328269625
ChristenUnie,EPP,0,1223,,0.15733428936042937,,0.9224812214562903
Partit Laburista,S&D,464,674,0.0668103448275862,0.3674318847895895,0.9761566558441559,0.9638818227558963
Independents for change,The Left,1191,1214,0.0,0.10590686910845738,0.9876441515650741,0.8103709983802923
,Greens/EFA,0,1227,,0.06074868628584456,,0.9716240108624925
Labour Party,S&D,105,462,0.01369047619047619,0.6963202577652746,0.9803628117913833,0.9631063987153822
Arbetarepartiet- Socialdemokraterna,S&D,1016,1061,0.0034448818897637795,0.08318550397414948,0.9875205254515601,0.9626327167296078
Les Républicains,EPP,1227,1228,0.011246943765281172,0.09052834400646971,0.960824802233597,0.9230798963316416
Lega,IDG,1241,1241,0.002599586588655712,0.058900388854211755,0.9907043708532207,0.6362280767239586
The Brexit Party,,75,0,0.013333333333333334,,0.9341595499974218,
Svoboda a přímá demokracie,IDG,1138,1154,0.0,0.20747982241763793,0.7179376083188909,0.6357949968595807
Liberal Democrats,REG,100,511,0.025,0.6741282625337239,0.896875,0.9215739927275256
Partito Democratico,S&D,1221,1221,0.03726858726858727,0.036779864918636204,0.9832026030889667,0.9646041729586502
Liste Renaissance,REG,1241,1241,0.006412839108246039,0.017417207097636715,0.9815361075937223,0.9196902612713894
Europe Écologie,Greens/EFA,1188,1188,0.006946038669523518,0.008109356128052332,0.9846438774469077,0.9699176557048584
Fidesz-Magyar Polgári Szövetség-Kereszténydemokrata Néppárt,,1216,0,0.0016961348684210527,,0.9890803036053858,
Europe Écologie,Greens/EFA,1220,1220,0.0038822652757078985,0.00923520454804593,0.985375993541977,0.9721187452610693
The Brexit Party,,81,0,0.016484287317620652,,0.9462833342651549,
Vlaams Belang,IDG,1124,1125,0.025800711743772242,0.13610132920923715,0.9826666666666667,0.635259186406462
DIE LINKE.,The Left,1208,1208,0.06343129139072848,0.04559367164064495,0.9349958609271523,0.8127230337109562
Bündnis 90/Die Grünen,Greens/EFA,1125,1125,0.0033707602339181288,0.0030545834303344088,0.9917997776675795,0.9710154603199768
Groen,Greens/EFA,0,558,,0.23955933293799977,1.0,0.9712781216894119
Fidesz-Magyar Polgári Szövetség-Kereszténydemokrata Néppárt,,1150,0,0.0008399209486166008,,0.9887470862470863,
Liberal Democrats,REG,87,498,0.032272325375773646,0.6857351085034663,0.9467706622879036,0.9243304300688009
Les Républicains,EPP,1190,1190,0.011050420168067227,0.09057667897089096,0.9604141656662665,0.9236899073677177
Partido Socialista,S&D,21,430,0.4523809523809524,0.895462604337696,0.9940685882038964,0.9629031294008006
Ano 2011,REG,1211,1211,0.0033030553261767133,0.10265486748875108,0.9864574731626754,0.91854768554952
Demokratikus Koalíció,S&D,1118,1118,0.0,0.01238308006773193,0.9983228980322003,0.9647637636688412
Democratic Unionist Party,,0,0,,,,
Christlich-Soziale Union in Bayern e.V.,EPP,1211,1211,0.005862923203963666,0.01185727880984557,0.9820189925681254,0.9244005356219364
Momentum,REG,1156,1190,0.0,0.019986790262741028,0.9949579831932773,0.920041064969441
,,0.0,0.0,,,,
Südtiroler Volkspartei,EPP,0,1231,,0.021057188284885297,,0.9223046840427488
Green Party,Greens/EFA,135,331,0.0,0.5618616380391606,0.9927741879147746,0.9721209718604069
Lega,IDG,1206,1206,0.0024334847501622323,0.057735334541919876,0.9912115293666491,0.6377423447557019
Platforma Obywatelska,EPP,1210,1210,0.0060055096418732785,0.009531230720460195,0.9742017280240419,0.9216574168389352
Christlich Demokratische Union Deutschlands,EPP,1164,1164,0.0048282902664345964,0.006453250782490618,0.9845970496193163,0.9263992512124299
Partido Socialista Obrero Español,S&D,1218,1218,0.0009290467548180797,0.0028530711801060035,0.9918172138788969,0.9644421085287744
Liste Renaissance,REG,1239,1239,0.04181992005841885,0.04906250033121855,0.9815063030862063,0.9202653345343513
,REG,0,1218,,0.08066399509445157,,0.9218504284159447
VMRO,ECR,1086,1216,0.0,0.05166747322992133,0.9932154605263158,0.757702239501149
Österreichische Volkspartei,EPP,148,674,0.11233108108108109,0.741822045182705,0.9838351913573152,0.9233805252822992
Christlich Demokratische Union Deutschlands,EPP,1181,1181,0.006936876628874936,0.006455488365693011,0.9839653356913102,0.921987029931223
GroenLinks,Greens/EFA,1219,1219,0.003281378178835111,0.004098120549448992,0.9924118129614438,0.9716385657346766
,,0.0,0.0,,,,
JA21,ECR,714,1128,0.0014005602240896359,0.49235645112254545,0.9957317073170732,0.7588338437735075
DIE LINKE.,The Left,1185,1185,0.019409282700421943,0.02427502971156087,0.9342616033755273,0.8133089050814475
Freie Wähler,REG,1217,1222,0.0,0.05742624356793935,0.9607201309328969,0.9225849875137623
Sozialdemokratische Partei Deutschlands,S&D,1223,1223,0.017200542711581144,0.025568055049908396,0.9725110420378205,0.9635812464532506
Partido Popular,EPP,1160,1160,0.00682144723092999,0.018588644101820536,0.9834615384615384,0.9272469554403103
Plaid Cymru - Party of Wales,Greens/EFA,0,319,,0.5920929502969474,,0.9727058394239962
Europa Verde,Greens/EFA,0,1240,,0.05883840673190006,,0.9712659020105758
Les Républicains,EPP,1199,1199,0.023936613844870724,0.08218513203694354,0.9598772786846181,0.9259759741157326
Socialni demokrati,S&D,1109,1134,0.0,0.027895373741158136,0.9750437828371279,0.9644678644570157
Partidul Naţional Liberal,EPP,1203,1203,0.010158631199778332,0.012100367552776953,0.9821675968808138,0.9228086965529473
The Brexit Party,,54,0,0.04861111111111111,,0.9293838175660257,
Mouvement Démocrate,REG,1240,1241,0.005040322580645161,0.020697939153427016,0.9912570507655116,0.919318524952591
Centerpartiet,REG,468,704,0.0,0.31107125579110534,0.9922212618841832,0.9247311631636426
Christlich-Soziale Union in Bayern e.V.,EPP,1136,1136,0.017429577464788733,0.017209339695574446,0.981294014084507,0.9187222772263124
Partido Social Democrata,EPP,1230,1230,0.0041463414634146335,0.013591721540736854,0.9909959349593498,0.9233448143921827
Partido Socialista Obrero Español,S&D,1227,1227,0.0017039574046394275,0.003213397963463491,0.99169460763642,0.9639217092693918
Partito Democratico,S&D,1215,1215,0.004967213856102745,0.008426804645143771,0.984059073642407,0.9647872504521495
Movimento 5 Stelle,,1191,0,0.008396305625524769,,0.9951721242653233,
Partido Comunista Português,The Left,828,984,0.0,0.3387861916631971,0.9946524064171123,0.8130592080594261
Alternative für Deutschland,IDG,1232,1232,0.0060659206864564,0.15468987644302315,0.9813529104823748,0.6337223133084315
Fratelli d'Italia,ECR,1215,1215,0.00205761316872428,0.040672104300785154,0.9272663139329805,0.7600258156485791
Fratelli d'Italia,ECR,1204,1204,0.01569174181300427,0.052178566206502325,0.9252284053156146,0.7578981421877008
Fratelli d'Italia,ECR,1191,1196,0.0038982847547079282,0.043809472288355536,0.9256897993311036,0.7588670607544473
Fine Gael Party,EPP,1216,1216,0.0,0.0350018451152301,0.9912006578947368,0.9247766730726362
,The Left,0,1213,,0.031234835752961574,,0.8100350651321164
Istarski demokratski sabor - Dieta democratica istriana,REG,0,1248,,0.007912615337147353,,0.919991683271864
The Brexit Party,ECR,29,961,0.0,0.6474463677705726,0.9779353330327843,0.7602305000207866
Prawo i Sprawiedliwość,ECR,1208,1208,0.02141076167380591,0.018265651136297002,0.9834963805980116,0.7604096506166528
Democratic Rally,EPP,1221,1226,0.0,0.032956773549981395,0.9908238172920065,0.9233468713871914
The Brexit Party,,91,0,0.048713817510809984,,0.9492669841160422,
Elliniki Lusi-Greek Solution,ECR,0,1181,,0.22684553785228345,1.0,0.7567576616410813
Platforma Obywatelska,EPP,1202,1202,0.003161397670549085,0.008322974341994634,0.9764674316255015,0.9257228295943533
Christen-Democratisch & Vlaams,EPP,1141,1188,0.0,0.037928493073301914,0.9753787878787878,0.9227783478975515
Bündnis 90/Die Grünen,Greens/EFA,1089,1089,0.012681741659014386,0.01198567032122308,0.9927109000286595,0.9728731421566481
Bündnis 90/Die Grünen,Greens/EFA,1221,1221,0.0011005323505323505,0.001402028528128235,0.9923154839880144,0.9720123601990963
Arbetarepartiet- Socialdemokraterna,S&D,1240,1240,0.00282258064516129,0.037324844418884354,0.9877419354838709,0.9632491389179695
Socialdemokratiet,S&D,1194,1194,0.0016750418760469012,0.06159749547208891,0.9958123953098827,0.9631622254551938
Movimento 5 Stelle,,1225,0,0.0016326530612244899,,0.9953061224489796,
"Venstre, Danmarks Liberale Parti",REG,1191,1212,0.017632241813602016,0.09481467652487904,0.9891707920792079,0.9196927075835197
Christlich Demokratische Union Deutschlands,EPP,1151,1151,0.007788425678761313,0.0067159929820199095,0.983539660280041,0.9210225481418912
Fidesz-Magyar Polgári Szövetség-Kereszténydemokrata Néppárt,,1211,0,0.0006193228736581337,,0.9890352181537152,
Partido Socialista Obrero Español,S&D,1196,1196,0.0015842281288505546,0.0037890046667581815,0.9920491550783314,0.9660353350634934
NEOS – Das Neue Österreich,REG,0,1213,,0.019063906172775744,,0.9220518417170014
Lega,IDG,1208,1208,0.014880212286993167,0.06792314004811228,0.9916750611857154,0.6372242380580083
Partido Socialista Obrero Español,S&D,1210,1210,0.0010881542699724518,0.003986955716960111,0.9906862282656747,0.9631017782884808
Partido Popular,EPP,1165,1165,0.004615684744440109,0.021892368626852843,0.9822352111407906,0.9245587235699508
Partido Socialista Obrero Español,S&D,1242,1242,0.0018433765573353676,0.004245747519265804,0.9915300613538376,0.9635931744162671
Partido Socialista Obrero Español,S&D,1211,1211,0.0028134770793014495,0.0,0.9916278188128973,0.9660025414775024
Partido Socialista Obrero Español,S&D,1232,1232,0.001858339029391661,0.004052758635315218,0.9915424806830083,0.9634563053753038
Ciudadanos – Partido de la Ciudadanía,REG,1224,1224,0.00196078431372549,0.009818094712137352,0.9908496732026145,0.9213049280637153
Rassemblement national,IDG,1080,1080,0.0,0.0789978628636556,0.9966721786913352,0.6334445726525345
Sozialdemokratische Partei Deutschlands,S&D,966,1009,0.016413925963615406,0.07082110620174163,0.9718692250184499,0.9617653492455308
Bündnis 90/Die Grünen,Greens/EFA,1127,1127,0.004991126885536824,0.004798409990430934,0.9926538462869472,0.9716698136890368
Sozialdemokratische Partei Deutschlands,S&D,1031,1031,0.0025131189534681286,0.019169423844374412,0.9728912556082779,0.9626796560333143
Movimento 5 Stelle,,1232,0,0.0006377551020408163,,0.994926948051948,
Progressive Party of Working People - Left - New Forces,The Left,1196,1218,0.0,0.07343174831756331,0.9667487684729064,0.8120510690177967
Coalition of the Radical Left,The Left,1171,1171,0.006063193851409052,0.06069823750666295,0.9823654995730147,0.8098173767923623
Familien-Partei Deutschlands,EPP,0,1060,,0.0868544490136769,,0.9281844636692013
USR-PLUS,REG,0,737,,0.26432473197569234,,0.9278374611663394
Movimento 5 Stelle,,1215,0,0.00411522633744856,,0.9964873603762491,
Liberal Democrats,REG,101,512,0.03615691239453616,0.6733258148554194,0.9073818096095324,0.9209113179760445
Bündnis 90/Die Grünen,Greens/EFA,985,1023,0.0008549292011755276,0.03680181944778782,0.9929795725615578,0.9727578992069683
Christlich Demokratische Union Deutschlands,EPP,1205,1205,0.028559546791179693,0.023868415647786186,0.9836459196454357,0.9241078273455112
Labour Party,S&D,100,457,0.0,0.7036375028229629,0.9836666666666667,0.9637699836848349
The Brexit Party,,81,0,0.016484287317620652,,0.9413910046668118,
The Brexit Party,,58,0,0.09365203761755486,,0.9590788756339532,
Freie Demokratische Partei,REG,1201,1201,0.008014154870940883,0.04818500060536874,0.9945878434637802,0.922461719290646
Place publique,S&D,1204,1216,0.0,0.06215399829381054,0.9833470394736842,0.9647154716046277
Parti démocratique,REG,0,1223,,0.018372873770577915,,0.9204204525963059
Partido Socialista Obrero Español,S&D,1192,1192,0.0007726951607205934,0.003540546041052188,0.9918185001835421,0.9647796823203804
Partido Socialista Obrero Español,S&D,1219,1219,0.0034540822935106427,0.005356048166747564,0.9918239320801819,0.9636745866271934
Partido Popular,EPP,1155,1155,0.0048996458087367184,0.013011940667710633,0.9841298095843551,0.9262002761168248
Lega,IDG,1228,1228,0.0019119104942642684,0.05835514942528701,0.990858301324567,0.6379624182452467
Partidul Puterii Umaniste,S&D,0,1233,,0.037709519604012795,,0.9633935495310756
PIRÁTI,Greens/EFA,1179,1180,0.004240882103477523,0.04778549918739356,0.9955508474576271,0.9720625553052857
Labour Party,S&D,91,448,0.0,0.7177730776564599,0.9811355311355311,0.9637798105042211
Rassemblement national,IDG,1226,1226,0.0,0.08332398774213583,0.9949468494580148,0.6340355375769934
Lista Marjana Šarca,REG,1191,1244,0.0,0.015782761993254332,0.9837218649517685,0.9192437382018267
Mouvement Démocrate,REG,1220,1220,0.009631147540983606,0.019051879251039485,0.99202868852459,0.9197391730339098
Partito Democratico,S&D,1217,1217,0.002383360271610066,0.008279911426936952,0.9844954501127469,0.9648924317306868
Partito Democratico,S&D,95,432,0.7021833429728166,0.8913169441324288,0.9812701437251797,0.9625209207624624
,Greens/EFA,0,1228,,0.006070554769364061,,0.9715907255370766
Liste Renaissance,REG,1195,1195,0.009602510460251045,0.022141178917079188,0.9826245267981671,0.9249124011313795
Parti Socialiste,S&D,1220,1225,0.004200819672131147,0.04942042236756828,0.9574693877551019,0.9643702415938188
Bloco de Esquerda,The Left,1134,1189,0.0,0.03724244459096124,0.9968460891505467,0.809394165541879
Arbetarepartiet- Socialdemokraterna,S&D,1219,1219,0.009741591468416735,0.03209118840772317,0.9875307629204265,0.9645185922148364
JOBBIK MAGYARORSZÁGÉRT MOZGALOM,,0,0,,,,
Fidesz-Magyar Polgári Szövetség-Kereszténydemokrata Néppárt,,1199,0,0.002160891652134354,,0.9893563935369608,
Fidesz-Magyar Polgári Szövetség-Kereszténydemokrata Néppárt,,1120,0,0.0018973214285714286,,0.9888288534382286,
The Brexit Party,,50,0,0.0,,0.9455546670720584,
Freie Demokratische Partei,REG,1236,1237,0.0008090614886731392,0.04538979956937842,0.9947453516572352,0.9204973944285698
Bündnis 90/Die Grünen,Greens/EFA,1145,1145,0.00046397379912663754,0.0005258542539387223,0.9921208657926721,0.9705259344002483
Freiheitliche Partei Österreichs,IDG,1228,1236,0.0008143322475570033,0.138980357955655,0.9979773462783171,0.6362309420209881
,S&D,0,1201,,0.025696386871657286,,0.963913982137014
Perussuomalaiset,IDG,1078,1097,0.0,0.16939411467390955,0.9788058340929808,0.6394612495176965
Platforma Obywatelska,EPP,1206,1206,0.0019071310116086234,0.009155474989013396,0.9753915308019786,0.9237904735376995
Conservative Party,ECR,67,1001,0.2835820895522388,0.6217313105062698,0.8007246376811594,0.7616569830884189
Parti chrétien social luxembourgeois,EPP,1209,1217,0.0,0.028528639955581074,0.9950698438783895,0.9229477051389654
The Brexit Party,ECR,56,988,0.1499384931838348,0.6454414168254043,0.9507161000231653,0.7580804963979065
Bündnis 90/Die Grünen,Greens/EFA,1151,1151,0.0037503620040544453,0.003016028697777261,0.9915364763500254,0.971504460286919
Vihreä liitto,Greens/EFA,1163,1176,0.0060189165950128975,0.012444872119362224,0.9891581632653061,0.9713773128858817
Partidul Naţional Liberal,EPP,1201,1201,0.015805281313191387,0.019419014783381417,0.9821805241663693,0.9257329185185922
La République en marche,REG,1221,1221,0.0,0.016041763317271432,0.9924447174447175,0.9214954688368966
Partij voor de Dieren,The Left,0,1234,,0.11160388692035557,,0.8108746468519844
The Brexit Party,,75,0,0.0,,0.939428555845375,
Sozialdemokratische Partei Österreichs,S&D,1228,1228,0.0021376221498371336,0.01774752749731373,0.997577361563518,0.9644658369048903
Suomen Sosialidemokraattinen Puolue/Finlands Socialdemokratiska Parti,S&D,981,1198,0.0,0.017342370378996337,0.9874791318864775,0.9639305559614455
Christlich Demokratische Union Deutschlands,EPP,1205,1205,0.003844663289684036,0.006417007717214283,0.983830422285506,0.9239471776203142
Bündnis 90/Die Grünen,Greens/EFA,1192,1192,0.005300583673949976,0.004332832815996692,0.9924843243991344,0.972477292978597
Polskie Stronnictwo Ludowe,EPP,1204,1207,0.0024916943521594683,0.010450449710362816,0.9896437448218725,0.9245763944415114
Fidesz-Magyar Polgári Szövetség-Kereszténydemokrata Néppárt,,1138,0,0.0006590509666080844,,0.9897295074579785,
Ano 2011,REG,1220,1220,0.002971311475409836,0.10651132824215466,0.9872745901639344,0.9199360046011574
Christlich-Soziale Union in Bayern e.V.,EPP,1203,1203,0.009310058187863674,0.013738279684553956,0.982086450540316,0.9231540856147811
Progresívne Slovensko,REG,1194,1194,0.0016750418760469012,0.021989992736137623,0.9761306532663316,0.9215246381771813
Miljöpartiet de gröna,Greens/EFA,1235,1238,0.0,0.015624388126950755,0.9969709208400647,0.971365853978371
Fidesz-Magyar Polgári Szövetség-Kereszténydemokrata Néppárt,EPP,1143,1144,0.054133858267716536,0.10468044074427217,0.9891069194500139,0.9246329260418545
Partido Socialista Obrero Español,S&D,1227,1227,0.0015013082829322694,0.004227040879305276,0.991490858655165,0.9632812501575022
Liberal Democrats,REG,98,509,0.03274977573446961,0.6729494606923234,0.9315873752098242,0.9231445414705257
Les Républicains,EPP,1216,1216,0.009292763157894738,0.09465866321920414,0.960438204887218,0.9228355103278751
Liberal Democrats,REG,98,509,0.03976571897490265,0.6719418216739492,0.8994445180669671,0.9202961166486677
Labour Party,S&D,111,468,0.003941441441441441,0.685517481431152,0.9791720291720291,0.9628774828793194
Bulgarian Socialist Party,S&D,1159,1163,0.02200172562553926,0.03730317816811174,0.9863929492691317,0.9643986899954153
Platforma Obywatelska,EPP,1229,1229,0.04519789608276182,0.034351347270387717,0.9758961373587086,0.9249835326136113
Perussuomalaiset,IDG,1078,1226,0.0,0.16599982831142496,0.9810358890701468,0.6371052372816344
Volkspartij voor Vrijheid en Democratie,REG,1198,1198,0.005530050083472454,0.060901959719417136,0.9959307178631052,0.919859193170037
Attīstībai/Par!,REG,0,1208,,0.008029255491590965,,0.9198820297808316
Arbetarepartiet- Socialdemokraterna,S&D,1242,1242,0.006843800322061192,0.04142690781648842,0.9881642512077294,0.9633385840556875
Democraten 66,REG,1219,1247,0.0,0.015285591245858205,0.9921812349639134,0.9201247571293427
Europe Écologie,Greens/EFA,1190,1190,0.0030939648586707407,0.008512968974560574,0.9860628342245987,0.9717970686756947
Christlich Demokratische Union Deutschlands,EPP,1197,1197,0.009361969136405227,0.011413942153722843,0.9833837669824739,0.9225858966052616
,Greens/EFA,0,961,,0.06642427950152731,,0.9697424003726192
Solidarna Polska Zbigniewa Ziobro,ECR,1172,1200,0.0,0.012069502075667078,0.946875,0.7606841010313309
Rassemblement national,IDG,1136,1136,0.007306761240520044,0.08134467459654847,0.9948555722648496,0.6352764699527637
Rassemblement national,IDG,1189,1189,0.00224278104850014,0.08458053841510789,0.9951500495072311,0.6373923243576384
Fidesz-Magyar Polgári Szövetség-Kereszténydemokrata Néppárt,,1094,0,0.007560176721511274,,0.9891003801195759,
Polskie Stronnictwo Ludowe,EPP,1182,1199,0.01015228426395939,0.01666432785803222,0.9895746455379483,0.9230610898026992
Labour Party,S&D,108,465,0.009259259259259259,0.693615708187818,0.9809082892416225,0.9636016057802341
Partij van de Arbeid,S&D,1209,1209,0.0016542597187758478,0.014205226169671313,0.9952233250620347,0.963763315310153
The Brexit Party,,71,0,0.007362355953905249,,0.9562759441115387,
Rassemblement national,IDG,1208,1208,0.005794701986754967,0.08730169351408894,0.994961963369721,0.6333930436603539
Lista Marjana Šarca,REG,1191,1191,0.0,0.010813952052602941,0.9829974811083123,0.9210049231576204
Tėvynės sąjunga-Lietuvos krikščionys demokratai,EPP,1188,1188,0.004208754208754209,0.00768287643217645,0.9886363636363636,0.9232396698305021
Prawo i Sprawiedliwość,ECR,1209,1209,0.01907808719492828,0.01321653149234261,0.9837078453866657,0.7593324223749741
Sloboda a Solidarita,ECR,0,1227,,0.21497345800897133,,0.7585754159775382
Rassemblement national,IDG,1065,1065,0.003755868544600939,0.0876301851906132,0.9961045251291294,0.6325989912900988
Panhellenic Socialist Movement - Olive Tree,S&D,0,1106,,0.011246307915853081,,0.9662279357070194
Polskie Stronnictwo Ludowe,EPP,1212,1212,0.0049504950495049506,0.013219652904929465,0.9896864686468647,0.9239585067447809
Sotsiaaldemokraatlik Erakond,S&D,1173,1181,0.0,0.00843104294306271,0.9974597798475868,0.9643760523059286
Partija 'VIENOTĪBA',EPP,1187,1211,0.0,0.019527567790398527,0.9808009909165979,0.922566597866525
Sozialdemokratische Partei Deutschlands,S&D,1203,1203,0.0070206047762157485,0.02166245819463626,0.9723332517440996,0.9642993616428752
Democrats for Strong Bulgaria,EPP,0,1224,,0.04780687600074606,,0.9226390982582923
Nieuw-Vlaamse Alliantie,ECR,1229,1231,0.0016273393002441008,0.12986476846584838,0.9926888708367181,0.7582905282791267
Österreichische Volkspartei,EPP,1180,1180,0.0375635593220339,0.022994909196283685,0.9849636803874091,0.9240405189983592
La République en marche,REG,1199,1199,0.005733944954128441,0.01886032428780838,0.9914720600500417,0.9198040566815926
Liberalerna,REG,0,1233,,0.038943954644619555,,0.9194764561712129
Prawo i Sprawiedliwość,ECR,1066,1066,0.0,0.0016982099987607462,0.9838351519992238,0.7654251591638042
Suomen Keskusta,REG,1203,1222,0.0,0.024450725169768053,0.9852700490998363,0.9216685438039348
Nea Demokratia,EPP,1144,1145,0.004326923076923077,0.027015099841868184,0.9889238927011854,0.9246450196256841
Fianna Fáil Party,REG,1120,1210,0.0,0.026977033444584658,0.9944214876033057,0.9219929072046875
Agir - La Droite constructive,REG,0,1229,,0.019398566385027072,,0.9229421968793495
Bündnis 90/Die Grünen,Greens/EFA,1143,1143,0.004601617780233611,0.0034930511308464062,0.9923778506659834,0.970679455827772
Fine Gael Party,EPP,1233,1234,0.003751013787510138,0.0331437539072308,0.99112641815235,0.9230364873267001
Solidarna Polska Zbigniewa Ziobro,ECR,1172,1197,0.0,0.04337693155443047,0.9467418546365914,0.7599801184555706
Labour Party,S&D,111,468,0.00731981981981982,0.6882673106410729,0.9740240240240241,0.962888135743678
Progressive Party of Working People - Left - New Forces,The Left,1196,1202,0.0,0.06409040124411991,0.96630615640599,0.8122682526220848
Prawo i Sprawiedliwość,ECR,1208,1208,0.02105068607646767,0.01757312341044883,0.9837326117770798,0.7597543118998307
Ano 2011,REG,1233,1233,0.024128142741281427,0.12666990096022296,0.9864963503649634,0.9202194270189764
,,0.0,0.0,,,,
Dansk Folkeparti,IDG,0,1235,,0.24173821475448276,,0.6343436438466092
,S&D,0,1236,,0.007187770244569581,,0.9637734377108255
Moderaterna,EPP,1063,1063,0.0009407337723424271,0.04272704626376383,0.9989416745061148,0.9265707945678402
Coalition of the Radical Left,The Left,1210,1210,0.017789256198347106,0.06783374661270365,0.9856404958677686,0.8147345046148832
PIRÁTI,Greens/EFA,1239,1248,0.0,0.04786110409140047,0.9957932692307693,0.9713967003143846
,,0.0,0.0,,,,
Komunistická strana Čech a Moravy,The Left,0,1203,,0.12119490524993151,,0.8101337831730011
,,0.0,0.0,,,,
Platforma Obywatelska,EPP,1227,1227,0.00706329801684325,0.014553925080335414,0.974821124271002,0.9232433221751769
Prawo i Sprawiedliwość,ECR,1191,1191,0.005708160346206562,0.0059017210639904375,0.9832994510622212,0.7577587349121543
Freie Demokratische Partei,REG,1147,1147,0.005775937227550131,0.046501505492486765,0.993897122929381,0.9172548727326097
Fidesz-Magyar Polgári Szövetség-Kereszténydemokrata Néppárt,,1119,0,0.004046835648712325,,0.9895747535157724,
Sozialdemokratische Partei Deutschlands,S&D,1122,1122,0.02275959334782864,0.03752149353842472,0.9737752165392539,0.9641792657940628
Coalition of the Radical Left,The Left,1064,1064,0.009421992481203009,0.06320616231165757,0.9832706766917292,0.808896579461536
Coalition of the Radical Left,The Left,1237,1244,0.010489086499595795,0.06113091697860323,0.9825964630225079,0.8113704135567338
Ano 2011,REG,1223,1223,0.0021463614063777594,0.10282056191320968,0.9868969746524938,0.9193363484413837
Citizens for European Development of Bulgaria,EPP,1207,1207,0.01108119304059652,0.03701235393069533,0.9593413421706712,0.9257202760724625
Alternative für Deutschland,IDG,1086,1086,0.013729939489607997,0.1555028675618695,0.9830554459352802,0.6398884342829363
Prawo i Sprawiedliwość,ECR,1176,1176,0.03533787456258619,0.02103956814577095,0.9835366581639011,0.754320381486808
Sozialdemokratische Partei Deutschlands,S&D,1138,1138,0.01413781005169406,0.027494556723712617,0.9739322134368269,0.9652107032826565
Prawo i Sprawiedliwość,ECR,1182,1182,0.031605566478343484,0.023116491544300892,0.9844819177387159,0.7595191855526243
Tėvynės sąjunga-Lietuvos krikščionys demokratai,EPP,1218,1218,0.0049261083743842365,0.006307880004144088,0.9876847290640394,0.9218021838011755
Miljöpartiet de gröna,Greens/EFA,1154,1162,0.0008665511265164644,0.016879359555942917,0.9987091222030982,0.9705897190022013
Alternative für Deutschland,IDG,1208,1208,0.007457722327341532,0.15841005926279822,0.9799254966887417,0.6364933752444606
Suomen Sosialidemokraattinen Puolue/Finlands Socialdemokratiska Parti,S&D,981,1010,0.0,0.011775345953861099,0.9851485148514851,0.9606922434259161
Prawo i Sprawiedliwość,ECR,1238,1238,0.006836391640950185,0.006625294726677716,0.983348314940914,0.7597908295874188
Nea Demokratia,EPP,1202,1203,0.006967554076539101,0.03163768597639302,0.9889383683648022,0.9243059618836021
,REG,0,1209,,0.043976690153010305,,0.9201703690816071
Movement for Rights and Freedoms,REG,1203,1209,0.0033250207813798837,0.019370284858157085,0.9968982630272953,0.9199876081528678
Bündnis 90/Die Grünen,Greens/EFA,1171,1171,0.010319939472935115,0.009804861978672376,0.9921819102938942,0.9726160675112429
,,0.0,0.0,,,,
Place publique,S&D,1204,1228,0.0,0.06984188320784389,0.9835097719869706,0.964440123189312
Ecologistes Confédérés pour l'Organisation de Luttes Originales,Greens/EFA,1183,1204,0.0,0.005976160436714267,0.9956395348837209,0.9716203780590831
Lega,IDG,1236,1236,0.0013085690164626425,0.05648342840266095,0.9909351043596865,0.6374336833643798
Sozialdemokratische Partei Deutschlands,S&D,1082,1083,0.01751919522252239,0.025557939198335627,0.9731562854658423,0.9643590502611556
Christen Democratisch Appèl,EPP,1168,1168,0.003424657534246575,0.019840585723290755,0.9871789383561644,0.9210503200971064
Bündnis 90/Die Grünen,Greens/EFA,1172,1172,0.00574884771461698,0.0052671847859285924,0.9916334550501292,0.9715874522643401
Rassemblement national,IDG,1229,1229,0.002369214569473029,0.08401229430247378,0.9949457721066257,0.6357981205748765
Nouvelle Donne,S&D,0,1135,,0.0486922862618042,,0.9631644335489685
Rassemblement national,IDG,1225,1225,0.0,0.08341760057284871,0.9947543413916385,0.6353061282425456
Rassemblement national,IDG,1068,1068,0.0,0.07951678965914599,0.9967318575146132,0.640638108155867
Kristdemokraterna,EPP,1045,1212,0.0,0.058382881119381835,0.9981435643564357,0.9237919264859639
Prawo i Sprawiedliwość,ECR,1144,1144,0.002040980264794494,0.0033305522588639985,0.9838956373029405,0.7533512171689453
Partido Socialista,S&D,1167,1168,0.000856898029134533,0.0008099684635852961,0.9950592180365297,0.9627814794569758
Christen Democratisch Appèl,EPP,1243,1243,0.0013073209975864844,0.01986947330226473,0.9876508447304906,0.9229234751058761
Platforma Obywatelska,EPP,1209,1209,0.00896057347670251,0.00938238752365213,0.9749385918740757,0.9224734462391722
,S&D,0,1131,,0.00965803637509033,,0.9637562035660359
Christlich Demokratische Union Deutschlands,EPP,1191,1191,0.005858331425082054,0.005133427300749934,0.9846032279207607,0.9261288299353337
Alternative für Deutschland,IDG,1176,1176,0.010264820213799805,0.14849599122391924,0.98178601797862,0.6294507796720583
Christlich Demokratische Union Deutschlands,EPP,1227,1227,0.002111580351189153,0.005584876241916539,0.9845723729256154,0.9249766226247331
Lega,IDG,1214,1214,0.007169973497600458,0.06303328880406976,0.9906520792659365,0.6346919119181178
Liste Renaissance,REG,1232,1233,0.005180310760667904,0.019528038243642052,0.9818218244313136,0.9198521403077756
"Venstre, Danmarks Liberale Parti",REG,1210,1212,0.0008264462809917355,0.08630611896848356,0.9887582508250825,0.9231221614966216
Alliance Party of Northern Ireland,REG,0,484,,0.7058514725666037,,0.9220882446505719
The Brexit Party,ECR,61,993,0.24564385109082562,0.6457146640170117,0.942474408555269,0.7597287369194597
Partit dels Socialistes de Catalunya,S&D,0,1189,,0.003659391380673051,,0.9650227999318168
Partido Socialista Obrero Español,S&D,1219,1219,0.0016425450725503807,0.002832844178283694,0.9910582716744571,0.9648589312478608
Partido Popular,EPP,1220,1220,0.010994162940884252,0.017615350009546404,0.9828746321984028,0.9235375940176042
Partido Popular,EPP,1185,1185,0.002934407364787112,0.02010063588637377,0.9839677200436694,0.9234347558185317
The Brexit Party,,79,0,0.03204627650830182,,0.9382617969561454,
Partido Socialista Obrero Español,S&D,1235,1235,0.0013637332196888984,0.003603140387600551,0.9917139269941943,0.9641833083143476
Platforma Obywatelska,EPP,1189,1189,0.019428090832632465,0.022070479397782308,0.9754456890180188,0.9258659388020539
Sverigedemokraterna,ECR,1216,1217,0.03700657894736842,0.3903473054398538,0.977608874281019,0.758142969783618
,EPP,0,1196,,0.05886892846790881,,0.92145622194098
Christlich Demokratische Union Deutschlands,EPP,1206,1206,0.0057311481806653014,0.007163737311951329,0.9847734474261807,0.9238246153496145
Fine Gael Party,EPP,417,818,0.01738609112709832,0.4515601437431435,0.9917632450331125,0.9250306875212779
Conservative Party,ECR,80,1022,0.0375,0.619800917487478,0.8944444444444445,0.758332857019024
Scottish National Party,Greens/EFA,108,338,0.0,0.556922343667954,1.0,0.9714817464128529
Eesti Konservatiivne Rahvaerakond,IDG,0,1142,,0.1821011099580235,,0.6350094581940603
Partido Socialista Obrero Español,S&D,1224,1224,0.0028164774681802545,0.005715504156594625,0.9910267155537826,0.9641027162479769
Green Party,Greens/EFA,107,303,0.0260347129506008,0.6216631767104116,0.9931892648635767,0.971835211995857
Partito Democratico,S&D,1224,1224,0.010348733510498217,0.013711429958370491,0.9867423885346679,0.9672096579976379
,EPP,0,1218,,0.010548506857618978,,0.9250120256341718
Partido Socialista Obrero Español,S&D,1223,1223,0.00161021933410796,0.003731826395880793,0.9915745275603033,0.9643542209282295
Partidul Social Democrat,S&D,935,935,0.010236822001527883,0.013809050784358182,0.9856856378915203,0.9649232928796504
Christen Democratisch Appèl,EPP,1202,1202,0.018406821963394344,0.020985157482072338,0.9875415973377702,0.9226440735227132
Österreichische Volkspartei,EPP,1238,1239,0.006724555735056543,0.02363100084935234,0.9839847803528191,0.9230827777476911
Rassemblement national,IDG,1205,1205,0.011073041249694899,0.08835202506255559,0.9950477925933972,0.636569013278018
Partidul Naţional Liberal,EPP,1225,1225,0.01195821185617104,0.011191232379091759,0.9818275024295434,0.9228067195753211
Bündnis 90/Die Grünen,Greens/EFA,1224,1224,0.002006740196078431,0.001906679444864385,0.9922718426153024,0.9714504107139579
Partido Socialista,S&D,1216,1216,0.0038548519736842104,0.0035172384809116206,0.9941543311403509,0.9631121573472579
Partido Socialista,S&D,1206,1206,0.00134742951907131,0.0015500605911859,0.9938571033720288,0.9628392443481346
Forza Italia,EPP,1208,1208,0.02118860375275938,0.031464822546447155,0.8077494284137496,0.9231794784845213
Bloco de Esquerda,The Left,1134,1189,0.0,0.03464208717188944,0.9968460891505467,0.809908898558817
Socijaldemokratska partija Hrvatske,S&D,1145,1146,0.0008733624454148472,0.004106686256539475,0.9922556719022687,0.9630642919383181
Gauche républicaine et socialiste,The Left,0,1220,,0.06372704378333104,,0.811386562070678
Democratic Party,S&D,0,1125,,0.013516858501042514,,0.9651391105397544
,S&D,0,1233,,0.08814460351302668,,0.9635650564716025
Citizens for European Development of Bulgaria,EPP,1187,1187,0.007582139848357203,0.03241199713250534,0.956866048862679,0.924633322333266
Freiheitliche Partei Österreichs,IDG,1193,1193,0.0008382229673093043,0.13738774188119657,0.9979044425817267,0.6319345653865301
Prawo i Sprawiedliwość,ECR,1241,1241,0.0016987698214268655,0.0031778217601272983,0.9833885688129342,0.7588046376075606
Tėvynės sąjunga-Lietuvos krikščionys demokratai,EPP,1231,1246,0.011372867587327376,0.010118158794744321,0.9879614767255217,0.9229605913953212
Nea Demokratia,EPP,1235,1241,0.004453441295546558,0.024028318127958553,0.9883705537009324,0.923273575686311
Nacionālā apvienība 'Visu Latvijai!'-'Tēvzemei un Brīvībai/LNNK',ECR,1127,1180,0.0,0.11570467422967481,0.9300847457627118,0.7578489131947368
Det Radikale Venstre,REG,1101,1134,0.0,0.02313992781359497,0.9735449735449735,0.9203077967286627
Rassemblement national,IDG,1169,1169,0.004116137472953253,0.08811480857403103,0.9947806564889018,0.6339571591570601
Partido do Centro Democrático Social-Partido Popular,EPP,0,1152,,0.026974655682333506,,0.9256232217928952
Partit Nazzjonalista,EPP,981,995,0.0,0.027367227418297838,0.9977386934673367,0.9240405407233365
Déi Gréng - Les Verts,Greens/EFA,0,1237,,0.006797378035423614,,0.9712728026797078
,,0.0,0.0,,,,
DIE LINKE.,The Left,1142,1142,0.013901050788091068,0.020310588114546734,0.9363835376532399,0.8147477971056623
Movement for Rights and Freedoms,REG,1190,1195,0.0,0.020511526462810806,0.996234309623431,0.9196619495610271
Sotsiaaldemokraatlik Erakond,S&D,1173,1235,0.0,0.005411453536821306,0.9975708502024292,0.9640041275943012
Fratelli d'Italia,ECR,1056,1056,0.16124188311688312,0.11794115038914878,0.916602408008658,0.7568078190078873
Partido Popular,EPP,1216,1216,0.003688197767145136,0.02098726031724956,0.9824258047325481,0.9230087919872252
,S&D,0,1214,,0.005651340386525425,,0.9651262736079561
Conservative Party,ECR,84,1018,0.023809523809523808,0.6268322233816164,0.8575581395348837,0.7596997776812829
Vasemmistoliitto,The Left,0,1180,,0.06503708351463075,,0.8091625596233634
Liberal Democrats,REG,91,502,0.025287212787212788,0.6848729938485237,0.9269153465582037,0.9230474086668901
Demokratikus Koalíció,S&D,1174,1176,0.0008517887563884157,0.013210948432603283,0.998405612244898,0.9638874210962998
Partido Social Democrata,EPP,1147,1147,0.00490409764603313,0.016499353974847274,0.9911944202266784,0.9227311320169865
The Brexit Party,,109,0,0.0,,0.9529401321863742,
Partido Popular,EPP,1220,1220,0.002626676602086438,0.019328508574909108,0.98266039970958,0.922662264240403
Labour Party,S&D,112,469,0.012834821428571428,0.6870439853148714,0.979357993197279,0.9629204987047151
Les Républicains,EPP,1217,1217,0.019104354971240755,0.10530343333615876,0.9602652893532104,0.9229527634635041
Partido Socialista Obrero Español,S&D,1244,1244,9.457159069415548e-05,0.0020936793410344127,0.9915436786185421,0.9633430774452407
Partito Democratico,S&D,1223,1223,0.004557339635017476,0.011372815279588963,0.9836892104216307,0.9638908407531782
Christlich-Soziale Union in Bayern e.V.,EPP,1207,1207,0.004225352112676056,0.010979172029722506,0.9819594034797017,0.9238084942347519
Partidul Naţional Liberal,EPP,1180,1180,0.00379590395480226,0.011827656591110382,0.983363599677159,0.9277238825426369
Prawo i Sprawiedliwość,ECR,1164,1164,0.008064880734087367,0.0070693285304207565,0.9866736563357161,0.763130417635008
Freie Wähler,REG,1217,1240,0.0,0.04456422094631652,0.9612903225806452,0.9198164333410593
The Brexit Party,,97,0,0.0,,0.9413409516537392,
Partidul Naţional Liberal,EPP,1230,1231,0.008234126984126984,0.005526097100775413,0.9813479169084367,0.9234025965034632
Volkspartij voor Vrijheid en Democratie,REG,1234,1234,0.0024311183144246355,0.05962060290127401,0.9957455429497569,0.9198971419445372
,REG,0,1073,,0.025672932282471778,,0.9191921300448694
Liberal Democrats,REG,107,518,0.03586962103317244,0.6638118802904501,0.8983619573572844,0.9207464183315799
Bündnis 90/Die Grünen,Greens/EFA,1197,1197,0.001868831768416256,0.0015613150923441575,0.9923347952180677,0.9718431468967748
Sozialdemokratische Partei Deutschlands,S&D,833,876,0.031782813025310025,0.08308013277728882,0.9729941366188933,0.961011538659033
Liberal Democrats,REG,96,507,0.04361263736263737,0.6767485506420615,0.8756482233044732,0.9196618123193864
Partidul Social Democrat,S&D,1163,1163,0.0030094582975064487,0.012590065921706271,0.9846532981206239,0.9642269058797832
Christlich-Soziale Union in Bayern e.V.,EPP,1162,1163,0.007573149741824442,0.015236541174641616,0.9817927773000861,0.920206455910527
TOP 09 a Starostové,EPP,1140,1236,0.0,0.03825245815380005,0.9569174757281553,0.9230038480983616
Bündnis 90/Die Grünen,Greens/EFA,1122,1122,0.0048629679144385025,0.004897192250098725,0.9914223732845321,0.9710983109739398
Vihreä liitto,Greens/EFA,1200,1215,0.0008333333333333334,0.0023040950818728595,0.9895061728395061,0.9722597128718653
Communist Party of Greece,,1223,0,0.0,,0.9987745098039216,
Sozialdemokratische Partei Deutschlands,S&D,1205,1206,0.024643572195439417,0.038720739708904724,0.9729176589717634,0.9635224808339241
Nova Slovenija – Krščanski demokrati,EPP,0,1218,,0.017477061399989096,,0.9227423074252696
Citizens for European Development of Bulgaria,EPP,1222,1222,0.03242635024549918,0.057435064403820534,0.9590220949263504,0.9233979703306161
Green Party,Greens/EFA,1212,1222,0.003440299387081565,0.015444517973902588,0.9922828501285947,0.9720272890856029
,EPP,0,893,,0.0098086048569915,,0.9271506765015999
Freie Demokratische Partei,REG,1238,1239,0.0016155088852988692,0.04721743657509776,0.9947538337368845,0.9202185066861177
Platforma Obywatelska,EPP,1235,1235,0.013157894736842105,0.01196219417404149,0.9745118916171546,0.923572850555142
Lietuvos socialdemokratų partija,S&D,1169,1211,0.0,0.01603041547734906,0.9876135425268373,0.963693634983565
Rassemblement national,IDG,1094,1094,0.0013190262393805783,0.07967364607277287,0.9955317520897401,0.6356496025997749
La France Insoumise,The Left,1213,1214,0.04843363561417972,0.048924659120108044,0.970654859967051,0.8127667872154275
The Brexit Party,,82,0,0.04725609756097561,,0.93088779979439,
Eesti Reformierakond,REG,1081,1089,0.0,0.013280537543136404,0.9931129476584022,0.9230002800290991
Delegación Ciudadanos Europeos,REG,0,1222,,0.012456531183232058,,0.9196800223266944
Labour Party,S&D,95,452,0.0,0.7097835869685376,0.9888220551378445,0.964038106052858
Lega,IDG,1215,1215,0.008863839685095723,0.06178161345519474,0.9908256833386954,0.6362469846983724
Movement for Social Democracy EDEK,S&D,0,1198,,0.013559507366427226,,0.9630945292041887
Communist Party of Greece,,1223,0,0.0,,0.9987735077677842,
Coalition of the Radical Left,The Left,1212,1213,0.0014026402640264027,0.05848936915850354,0.984439406430338,0.8133980277119787
Forza Italia,EPP,1009,1009,0.008168743215819528,0.02644393209488585,0.802327268865921,0.9244763033978408
The Brexit Party,,113,0,0.07140462782055702,,0.9522277785582245,
Bündnis 90/Die Grünen,Greens/EFA,1229,1229,0.005794898148544674,0.005510769843159168,0.9920083282027097,0.9717006364796822
,Greens/EFA,0,1237,,0.06603679855145479,,0.9711054212542086
Christen-Democratisch & Vlaams,EPP,552,873,0.0,0.3411456784990604,0.9759654889071487,0.9239102609657057
Suomen Keskusta,REG,1203,1225,0.0,0.029404971481647404,0.9853061224489796,0.9204082595228572
PIRÁTI,Greens/EFA,1204,1204,0.0016611295681063123,0.049802088650813335,0.9962624584717608,0.9713091313703371
La France Insoumise,The Left,1240,1249,0.0068548387096774195,0.05411398684663985,0.9707766212970377,0.811664546669378
Bulgarian Socialist Party,S&D,1182,1184,0.0,0.018558954605642553,0.9882179054054056,0.9650054437170983
Partido Comunista Português,The Left,1141,1210,0.0,0.27716957808613407,0.9950413223140496,0.8098007037888142
Partido Social Democrata,EPP,1226,1226,0.004914355628058728,0.012921658099794082,0.991272430668842,0.9230127639451923
Socialistisk Folkeparti,Greens/EFA,1166,1227,0.0,0.0082529825590375,0.9951100244498777,0.9714040356131937
Det Radikale Venstre,REG,1101,1201,0.0,0.016556393985549513,0.9750208159866778,0.9191352463764849
Green Party,Greens/EFA,133,329,0.01342642320085929,0.5702618953827463,0.9928440233236152,0.9715175054810158
The Brexit Party,,88,0,0.017303719008264464,,0.9393663520122655,
Partito Democratico,S&D,1229,1229,0.00590916406620231,0.011444553216992686,0.9832901486227362,0.9644896649935064
Socijaldemokratska partija Hrvatske,S&D,1213,1219,0.00989282769991756,0.012859527166615634,0.9918990976210008,0.9636756988899827
Christlich Demokratische Union Deutschlands,EPP,1181,1181,0.03174514590687326,0.028524515606501724,0.9843150195406388,0.9240962731329179
Kansallinen Kokoomus,EPP,1169,1171,0.06928999144568007,0.05982704349841604,0.9455593509820666,0.9229942848974714
Movimento 5 Stelle,,1220,0,0.002459016393442623,,0.994847775175644,
Izquierda Unida,The Left,1145,1156,0.0,0.07070103890434855,0.9967560553633218,0.8108164776810634
,,0.0,0.0,,,,
Partij van de Arbeid,S&D,612,778,0.011437908496732025,0.212184569397924,0.9952741407528641,0.9638671622423031
,S&D,0,1209,,0.007288958855728948,,0.9648712349789063
Uniunea Salvați România,REG,1212,1212,0.004661716171617162,0.006545124798999032,0.9912835926449788,0.9214426492067666
Partido Socialista,S&D,1191,1191,0.003568429890848027,0.003117046413495131,0.9954170165127345,0.9653848058769299
Partidul Social Democrat,S&D,1193,1193,0.0008382229673093043,0.01151771217045845,0.9837339839540175,0.9642409199845716
Starostové a nezávisli,EPP,0,1179,,0.029022276536129425,,0.922013299614837
Moderaterna,EPP,1227,1227,0.0016299918500407497,0.049291381142998504,0.9982681336593318,0.9230900044850248
Obyčajní ľudia a nezávislé osobnosti,EPP,0,1201,,0.023686769433990396,,0.9257769134567372
Prawo i Sprawiedliwość,ECR,1147,1147,0.0037170469498660247,0.004241558237779728,0.9845395251799807,0.7563523601644734
Liberal Democrats,REG,103,514,0.05085545522438726,0.6713971431510584,0.8962352372546547,0.9202061076930934
TOP 09 a Starostové,EPP,1140,1146,0.0,0.046398550755422915,0.9535340314136126,0.9268884118754791
Fratelli d'Italia,ECR,1195,1195,0.003323371189479976,0.03986033354931651,0.9279497907949792,0.7609288611661358
The Brexit Party,,80,0,0.010416666666666668,,0.9392120781225831,
Slovak PATRIOT,,0,0,,,,
Citizens for European Development of Bulgaria,EPP,1152,1153,0.03135850694444445,0.045831453205680356,0.961556808326106,0.9305087754711261
Christlich Demokratische Union Deutschlands,EPP,1187,1187,0.008315189444085823,0.00656003665746151,0.98392769288886,0.9231209125023951
Democraten 66,REG,1219,1223,0.0,0.01531100177956229,0.9920278004905969,0.9193652052455147
Prawo i Sprawiedliwość,ECR,1249,1249,0.0018378339034864255,0.003633776301593263,0.9836427776472912,0.760380839950626
Partido Social Democrata,EPP,1227,1228,0.001650366748166259,0.013950319201174505,0.9909812703583063,0.9225351938336951
The Brexit Party,ECR,32,964,0.0,0.6475247549005849,0.9806715091973244,0.758957903871355
Forza Italia,EPP,1213,1213,0.22149923448357084,0.3330886492428984,0.8111102932516783,0.9239326360336819
Sozialdemokratische Partei Österreichs,S&D,1226,1227,0.0008156606851549756,0.01953142597876183,0.996760391198044,0.9638346900052778
Izquierda Unida,The Left,1145,1224,0.0,0.06811295527520375,0.9969362745098039,0.8117945746913021
Alternative für Deutschland,IDG,1167,1167,0.0023029134532990573,0.1523555039779567,0.9815919941241278,0.6345531817213502
Bündnis 90/Die Grünen,Greens/EFA,1223,1223,0.0035475032634734835,0.003229009960497038,0.9913883958204439,0.9703203727368729
Hrvatska demokratska zajednica,EPP,1177,1180,0.0016992353440951572,0.03064400988550691,0.9923728813559322,0.9243154601934129
Esquerra Republicana de Catalunya,Greens/EFA,875,1209,0.0,0.0125587018579644,0.9950372208436724,0.9725902228793154
Mouvement Réformateur,REG,1215,1218,0.0,0.01139122699438668,0.9932266009852216,0.9188454854872213
Lega,IDG,1242,1242,0.001932367149758454,0.058526224754859635,0.9907118552567206,0.6362873939156622
Mouvement Radical Social-Libéral,REG,0,1250,,0.023355471795925183,,0.9194788537621281
Liberal Democrats,REG,65,476,0.015384615384615385,0.714176614377695,0.9827106227106227,0.9264493768842
Europe Écologie,Greens/EFA,1201,1201,0.01130623470340373,0.022272885241745474,0.9853686592341879,0.9715554384842319
,,0.0,0.0,,,,
Partito Democratico,S&D,1148,1148,0.010305149264208498,0.01291532389231784,0.9837633348794064,0.9642487823524217
Partido Socialista Obrero Español,S&D,1201,1201,0.015189096805293834,0.0173902039323171,0.9912304976331214,0.9651934979607933
PODEMOS,The Left,1188,1215,0.0,0.02264014476175273,0.9981481481481481,0.8075718845230374
Ciudadanos – Partido de la Ciudadanía,REG,1199,1199,0.014178482068390326,0.013318474736050119,0.9899291075896582,0.9189450309295811
Demokratikus Koalíció,S&D,1180,1182,0.0,0.011953634399609633,0.9958756345177665,0.9635053451378625
Movimento 5 Stelle,,1189,0,0.002342905202451039,,0.9948529411764706,
JA21,ECR,1109,1109,0.0063119927862939585,0.40161406115185583,0.9959422903516681,0.7587336316299559
JA21,ECR,1205,1219,0.0,0.39768230517802544,0.9956931911402789,0.7595205663357083
Europe Écologie,Greens/EFA,1191,1191,0.000717502480726662,0.008893001015409324,0.9859334165694368,0.9707870981992263
Lietuvos valstiečių ir žaliųjų sąjunga,Greens/EFA,0,1220,,0.03145015756838328,,0.9717939561497427
Rassemblement national,IDG,1049,1049,0.0015888147442008262,0.07735210030955288,0.9946424490091685,0.6283095003166702
Green Party,Greens/EFA,142,338,0.02112676056338028,0.5562431470890784,0.9920858416300069,0.9711401536796497
The Brexit Party,,103,0,0.031080569915521373,,0.9454751062793819,
Staatkundig Gereformeerde Partij,ECR,0,1224,,0.10696632644674063,,0.7569546045675813
Partido Socialista Obrero Español,S&D,1226,1226,0.004164162445264875,0.007125122621490748,0.9914195238184881,0.9637836743122061
Prawo i Sprawiedliwość,ECR,1231,1231,0.005219712297732994,0.005383572898267971,0.9834534883690946,0.7605127242541312
Forza Italia,EPP,1248,1248,0.03144650488400488,0.03991204880783837,0.8063344207875457,0.9230087958294618
Partido Socialista Obrero Español,S&D,1223,1223,0.0052818906966323985,0.00807334594455147,0.9913984760437173,0.9654732630551858
Les Républicains,EPP,1234,1234,0.017990275526742303,0.07921499407916968,0.960407501736513,0.9228947663630833
Partit Laburista,S&D,1178,1193,0.03395585738539898,0.0648494254811544,0.9764249790444258,0.9635459507881949
Partido Socialista,S&D,1180,1180,0.005455508474576271,0.0038689559325289194,0.994558615819209,0.9639787880086349
Lega,IDG,1240,1240,0.005131737126828291,0.05901306282304366,0.9908996732395825,0.6368091349217401
Kansallinen Kokoomus,EPP,1158,1170,0.012089810017271158,0.012065098571145044,0.9474358974358974,0.9216045399606955
Prawo i Sprawiedliwość,ECR,1056,1056,0.006502462869804767,0.0063874524676439245,0.9882233251791658,0.7589809513205913
Partito Democratico,S&D,11,56,0.6363636363636364,0.8921212537205011,0.9893243475274726,0.9700214893925789
Europe Écologie,Greens/EFA,1230,1230,0.005427445183542745,0.010074068969916854,0.9852901840706717,0.9710348164509481
Socialdemokratiet,S&D,1233,1241,0.0008110300081103001,0.0626438609544746,0.9953666398066076,0.9622527235421424
Sozialdemokratische Partei Österreichs,S&D,1238,1239,0.0008077544426494346,0.018692646710736862,0.9963882163034706,0.9631222515532281
DIE LINKE.,The Left,1054,1065,0.023956356736242884,0.02374080888668511,0.9340140845070422,0.8086246574920275
Österreichische Volkspartei,EPP,1237,1237,0.0027890056588520617,0.02997614935978523,0.9843630904261462,0.9234089061025045
Parti ouvrier socialiste luxembourgeois,S&D,0,425,,0.7954071075095702,1.0,0.9639657261431349
Christlich Demokratische Union Deutschlands,EPP,1197,1197,0.008337673187297247,0.009447644507096408,0.9845175487058875,0.9233914069229291
DIE LINKE.,The Left,1226,1227,0.03874388254486134,0.035106251996828285,0.9334555827220863,0.8099857907646775
Christen Democratisch Appèl,EPP,1163,1163,0.008705932932072226,0.019690052195990064,0.9885210662080827,0.9254182608780493
Volkspartij voor Vrijheid en Democratie,REG,1031,1081,0.0015761396702230843,0.10406052359357074,0.9957317073170732,0.9198425283958247
Christlich Demokratische Union Deutschlands,EPP,855,958,0.031203068554991317,0.12408497587045496,0.9831004307964477,0.9241909716785808
Sozialdemokratische Partei Deutschlands,S&D,1017,1017,0.00850504788557886,0.02399623477034473,0.9751828493532033,0.9677624017574917
Christlich Demokratische Union Deutschlands,EPP,1204,1204,0.0074754201363420635,0.007661466765162139,0.9839253954093721,0.9237365273915479
Green Party,Greens/EFA,124,320,0.0,0.5831287568467567,0.9925942786654136,0.9718194246068579
Christlich Demokratische Union Deutschlands,EPP,1220,1220,0.005698051948051948,0.008847893656905111,0.9838977963485693,0.9232801355618896
La République en marche,REG,1249,1249,0.0068054443554843875,0.01447155918320386,0.9918134507606086,0.9196083701701206
,REG,0,1223,,0.014122723770151403,,0.9214395767175505
,Greens/EFA,0,1184,,0.003866853387352979,,0.9727296627258463
Sozialdemokratische Partei Österreichs,S&D,1187,1187,0.0013689974726200506,0.017858773447038196,0.9975989890480202,0.9641808079519081
Platforma Obywatelska,EPP,1128,1128,0.0063666202296521444,0.01123823005965106,0.9738371077799268,0.9207140089386833
Partido Socialista,S&D,1226,1226,0.003313621533442088,0.003524547388048952,0.9932232191408376,0.9628655171120132
Progresívne Slovensko,REG,1154,1156,0.0017331022530329288,0.01944202088786785,0.9733996539792388,0.9168573991261061
Christlich Demokratische Union Deutschlands,EPP,1208,1208,0.006343890656804564,0.007140989206883917,0.9837895935863059,0.9228950375322313
Živi Zid,,0,0,,,,
Sozialdemokratische Partei Deutschlands,S&D,1157,1157,0.006593881485843457,0.016306537614877614,0.9747163039351889,0.9656460333673293
Kristdemokraterna,EPP,1045,1066,0.0,0.052755884334645196,0.9978893058161351,0.9281888273022885
VMRO,ECR,1086,1115,0.0,0.054062163642745666,0.9926008968609865,0.7605405853202222
Partito Democratico,S&D,1119,1119,0.014336534778894027,0.018416302537008503,0.9818790737859103,0.9629740652621206
Scottish National Party,Greens/EFA,69,314,0.0,0.6394244706687113,1.0,0.9712069784270642
Křesťanská a demokratická unie - Československá strana lidová,EPP,1131,1151,0.0,0.06513621640461992,0.9387489139878367,0.919902035123486
Hrvatska demokratska zajednica,EPP,1186,1186,0.003372681281618887,0.03368547815606827,0.9903035413153457,0.925172556415494
Ciudadanos – Partido de la Ciudadanía,REG,1226,1226,0.0,0.010876004560377205,0.9916190864600326,0.9203978797854314
Die PARTEI,,0,0,,,,
,Greens/EFA,0,1238,,0.041126020458748476,,0.9712988998077311
Nea Demokratia,EPP,1152,1155,0.0023437500000000003,0.02901907898898524,0.9895609152752011,0.9243305618724418
Fratelli d'Italia,ECR,1215,1215,0.004409171075837743,0.04387348224171036,0.9284038800705466,0.7617270844366917
Bulgarian Socialist Party,S&D,1134,1136,0.002535273368606702,0.015838893229423463,0.990030809859155,0.9666593363541607
,,0.0,0.0,,,,
Kresťanskodemokratické hnutie,EPP,1120,1226,0.0,0.05610145599271878,0.9431076672104405,0.9223278318723422
Uniunea Salvați România,REG,1187,1187,0.0071819713563605735,0.00736394477990691,0.9897761463473341,0.920499225483688
Sverigedemokraterna,ECR,1194,1196,0.0008375209380234506,0.39856564288282914,0.9759615384615384,0.7589534537171216
GroenLinks,Greens/EFA,1167,1177,0.007712082262210797,0.0067186498075605715,0.9921410365335599,0.9709358233688691
Uniunea Salvați România,REG,1230,1230,0.006335656213704994,0.008727655227509892,0.9880778164924507,0.9196396544973383
Hrvatska demokratska zajednica,EPP,116,655,0.10344827586206896,0.7685346145474274,0.9906655844155844,0.92290253950172
Fidesz-Magyar Polgári Szövetség-Kereszténydemokrata Néppárt,EPP,523,771,0.04385755258126195,0.4117718183350683,0.9898112342066147,0.9279743946042877
Prawo i Sprawiedliwość,ECR,1226,1226,0.004723179322161706,0.004237313685687938,0.9839893378324355,0.7589808231522853
Forza Italia,EPP,1222,1222,0.012685098589353908,0.027879615591856474,0.8049406710310966,0.922784064501847
Partij van de Arbeid,S&D,1129,1129,0.00354295837023915,0.016007030641477862,0.9959255978742251,0.9642163443529015
Parti Socialiste,S&D,1180,1181,0.034851694915254236,0.02284914689286899,0.9553556308213379,0.9654862848633622
Lega,IDG,1208,1208,0.007452387807988153,0.06243926412282436,0.9906505067950222,0.6329074577479924
Partij van de Arbeid,S&D,1111,1111,0.0036003600360036,0.015927295993216902,0.9947344734473448,0.9631250927041547
The Brexit Party,,113,0,0.009682795081025168,,0.942456392127546,
Partidul Naţional Ţaranesc Creştin Democrat,ECR,0,993,,0.09638233589296859,,0.7646076547816752
Vox,ECR,1200,1200,0.012083333333333333,0.17308655224597785,0.986875,0.758725112035937
Österreichische Volkspartei,EPP,1238,1238,0.0022213247172859453,0.029099240966199733,0.9848603738749135,0.9235936848624061
,REG,0,888,,0.041884481291958854,,0.921396658667251
The Brexit Party,,49,0,0.016581632653061226,,0.9237752806472159,
,,0.0,0.0,,,,
Partito Democratico,S&D,1234,1234,0.0038526101127397726,0.009006499848900255,0.9823506770781892,0.9636312604310752
Moderaterna,EPP,1217,1218,0.0008216926869350862,0.047184481239143095,0.9982553366174056,0.9229623686375659
Prawo i Sprawiedliwość,ECR,1219,1219,0.0034132466932732743,0.004852065066198132,0.9842204086813502,0.758871881744127
Partito Democratico,S&D,1183,1183,0.006879743249143079,0.012880383382260082,0.9840728956166404,0.9639781921208591
Liste Renaissance,REG,1093,1093,0.007275737376377816,0.022360823388961074,0.9819560623883586,0.9182772323716287
Partidul Mișcarea Populară,EPP,1151,1198,0.0,0.013874887809223883,0.9856010016694491,0.9257989577007089
Lietuvos lenkų rinkimų akcija – Krikščioniškų šeimų sąjunga,ECR,0,1183,,0.04274466404189681,,0.756697565713547
Hrvatska konzervativna stranka,ECR,0,1139,,0.18312687771205902,,0.7613016302538266
Slovenska demokratska stranka,EPP,1171,1182,0.0,0.045423892210868524,0.9847715736040609,0.9242195634805344
Eesti Keskerakond,REG,0,1222,,0.025135223134710262,,0.9203634937996574
Svenska folkpartiet,REG,0,1234,,0.016910570035095017,,0.9213372364985267
Občanská demokratická strana,ECR,1215,1215,0.0024691358024691358,0.1242598704335084,0.9761316872427983,0.7560490774990766
Fidesz-Magyar Polgári Szövetség-Kereszténydemokrata Néppárt,,1218,0,0.0011009105836692042,,0.9892213868506972,
Europe Écologie,Greens/EFA,1233,1233,0.00662832706628327,0.016317043591851304,0.9857895517567049,0.971161626062648
Lega,IDG,1206,1206,0.00427211767250703,0.059267203839024576,0.9907712951798329,0.6353924172648177
Liste Renaissance,REG,1194,1194,0.0041876046901172526,0.01743545865216051,0.9833742123314989,0.9223126460176969
Fidesz-Magyar Polgári Szövetség-Kereszténydemokrata Néppárt,,1108,0,0.0039485559566787,,0.9895915907197496,
Uniunea Salvați România,REG,1193,1193,0.002514668901927913,0.005073307376414181,0.9891749491078914,0.9209485245043074
Partidul Social Democrat,S&D,1104,1105,0.007990424430641822,0.019728084311275297,0.9841645119586295,0.9648732570178801
Hnutie Republika,,0,0,,,,
Magyar Szocialista Párt,S&D,0,1081,,0.018536870165432127,,0.9637017686099499
ANTICAPITALISTAS,The Left,0,1222,,0.030957486463408252,,0.8109746022825858
Catalunya en Comú,Greens/EFA,0,1235,,0.009646141670948998,,0.9715041704291048
'Saskaņa' sociāldemokrātiskā partija,S&D,0,1149,,0.0057414983847845595,,0.9656036895085309
Darbo partija,,0,0,,,,
Partija 'VIENOTĪBA',EPP,1187,1206,0.0,0.029815164036187208,0.9807213930348259,0.9231275410032111
Partidul Naţional Liberal,EPP,111,635,0.2800300300300301,0.788351092050162,0.9823901778353551,0.9257220397873235
Die Grünen - Die Grüne Alternative,Greens/EFA,1230,1242,0.0040650406504065045,0.004131024405126485,0.9929549114331723,0.9715299484247326
Socialistische Partij.Anders,S&D,0,1225,,0.015560098382999956,,0.9633236704883348
Vlaams Belang,IDG,1231,1233,0.002437043054427295,0.13426863561363298,0.9829683698296837,0.6367092609833385
Conservative Party,ECR,63,995,0.0,0.6315670549789002,0.8492063492063492,0.7585203956019465
Nieuw-Vlaamse Alliantie,ECR,1152,1161,0.0078125,0.12661015604844933,0.9935400516795866,0.7582084794033277
GroenLinks,Greens/EFA,1226,1226,0.0032626427406199023,0.005857847718514149,0.9918433931484503,0.9709554104901366
Open Vlaamse Liberalen en Democraten,REG,1195,1245,0.0,0.012259379765640661,0.9915662650602409,0.9194411133237389
Mouvement Démocrate,REG,1225,1225,0.002857142857142857,0.016027432623474145,0.9915510204081631,0.9202677954482931
Elliniki Lusi-Greek Solution,ECR,0,1032,,0.6555157548563446,1.0,0.7602516067205617
Christlich Demokratische Union Deutschlands,EPP,1233,1233,0.006632235310683255,0.00864234871867083,0.9836512796189831,0.9232240937098264
Open Vlaamse Liberalen en Democraten,REG,1195,1201,0.0,0.009784258276538033,0.9912572855953372,0.9203180814692657
Freiheitliche Partei Österreichs,IDG,1227,1227,0.0024449877750611247,0.13978206429079873,0.9979625101874491,0.63503547393866
PODEMOS,The Left,1188,1217,0.0,0.021333964395491664,0.998151191454396,0.8109367111951606
Enhedslisten,The Left,0,1208,,0.08532225488424781,,0.811809642354279
Uniunea Democrată Maghiară din România,EPP,1105,1206,0.0,0.04622485820852778,0.9695273631840796,0.9236174826169876
Socialdemokratiet,S&D,1215,1215,0.00411522633744856,0.06425007914858928,0.9952674897119341,0.963383486721092
Kansallinen Kokoomus,EPP,1149,1179,0.006962576153176675,0.015587701695208081,0.9497455470737913,0.9248965658058185
Bulgarian Socialist Party,S&D,1132,1132,0.0017667844522968198,0.02017042303158677,0.9880079505300351,0.9641192128118412
Liberal Democrats,REG,104,515,0.008304195804195804,0.6673317875949433,0.8920647061272061,0.9213891873308755
Sozialdemokratische Partei Österreichs,S&D,1210,1212,0.001652892561983471,0.01838931668497436,0.9969265676567658,0.9642885939940246
Bündnis 90/Die Grünen,Greens/EFA,1141,1141,0.011348045837644066,0.010440323833358826,0.9917346707961371,0.9717202668869258
Občanská demokratická strana,ECR,1205,1205,0.02074688796680498,0.11242924783522544,0.9773858921161825,0.758789579364689
Liberal Democrats,REG,87,498,0.005747126436781609,0.6871345259017411,0.8991435288849082,0.9221371149121256
Christlich Demokratische Union Deutschlands,EPP,1191,1191,0.0035226318601633464,0.007160371958378031,0.9844005399433243,0.9229126140873615
Nea Demokratia,EPP,1094,1094,0.0015539305301645338,0.026518082526218255,0.9918581875163228,0.9232909654512514
Občanská demokratická strana,ECR,1229,1229,0.004882017900732303,0.12114068338008512,0.9774206672091131,0.7583883607277889
Forza Italia,EPP,1218,1218,0.2291466299163343,0.34087032049136723,0.8088181249511298,0.9237422952191625
Independents for change,The Left,1191,1216,0.0,0.1086088403756224,0.9876644736842105,0.8105662471495362
Fine Gael Party,EPP,1220,1227,0.008094262295081967,0.04035495960270693,0.9906682966585169,0.9230902380707143
Christlich Demokratische Union Deutschlands,EPP,1223,1223,0.008310303419665642,0.009437642318832058,0.9837234472787854,0.9234515459423872
Moderaterna,EPP,1241,1241,0.0008058017727639,0.0481791950726629,0.9982876712328768,0.9235516208002125
Labour Party,S&D,111,468,0.046734234234234236,0.6944896898506658,0.9701630201630201,0.9630098546187806
Prawo i Sprawiedliwość,ECR,1229,1229,0.008503180938352693,0.00627075208150403,0.9833100171681438,0.7588144429974859
Christlich-Soziale Union in Bayern e.V.,EPP,1168,1169,0.013356164383561643,0.0022591614770413105,0.9816295979469633,0.9214668639356539
Sverigedemokraterna,ECR,1215,1226,0.0032921810699588477,0.39335924254848703,0.9759380097879282,0.7597894090952181
Det Konservative Folkeparti,EPP,0,1094,,0.026458300062878224,,0.9165075101573228
The Brexit Party,,63,0,0.008297258297258296,,0.9412461065292872,
The Brexit Party,,56,0,0.0,,0.9316286085672527,
Christlich Demokratische Union Deutschlands,EPP,1204,1204,0.003737541528239203,0.006204733489019432,0.9838849610782155,0.9235020537115475
Die Grünen - Die Grüne Alternative,Greens/EFA,1210,1218,0.0049586776859504135,0.009113138630772722,0.992816091954023,0.9713210744951629
Progresívne Slovensko,REG,1223,1234,0.03515944399018806,0.03835995638097467,0.9738654781199352,0.9196650900150821
Uniunea Democrată Maghiară din România,EPP,1105,1147,0.0,0.03577179074085332,0.9679598953792502,0.9200164801478835
Österreichische Volkspartei,EPP,1237,1237,0.005153597413096201,0.026638950831467816,0.9837567848481349,0.9230950402772615
Parti chrétien social luxembourgeois,EPP,1209,1240,0.0,0.027572871529628906,0.9951612903225806,0.9232418089696004
Prawo i Sprawiedliwość,ECR,1225,1225,0.0030300125783710523,0.0039566030297257995,0.9834039422705853,0.7607153319132923
Sozialdemokratische Partei Deutschlands,S&D,1210,1210,0.0018644991372264099,0.01518076284524307,0.9748814494733916,0.9657066541591696
Partij van de Arbeid,S&D,1234,1234,0.0016207455429497568,0.013767640277263418,0.9956645056726094,0.9644403998310355
Europe Écologie,REG,1206,1206,0.009339665309814563,0.11248800762955319,0.9848730733059091,0.921254029976017
Liste Renaissance,REG,1217,1217,0.004108463434675432,0.016893334471686325,0.9841075830496537,0.9207045047828387
Bulgarian Socialist Party,S&D,1146,1149,0.00599912739965096,0.021429839712896644,0.9875326370757181,0.9640350256784951
La République en marche,REG,1202,1212,0.004575707154742097,0.024204274676865815,0.9930703188879805,0.9216494221137771
Nea Demokratia,EPP,1141,1141,0.003242769500438212,0.031153856118555246,0.9888412420182797,0.9238177536215375
Občanská demokratická strana,ECR,1218,1218,0.015599343185550082,0.1288656463066158,0.9778325123152709,0.7602150661493589
Prawo i Sprawiedliwość,ECR,1227,1227,0.010373860397778755,0.008307013182132018,0.9840131731676313,0.7592611981791116
Lega,IDG,1233,1233,0.0023872491977855355,0.05839345253008943,0.9908514242068359,0.6362247165593117
Lega,IDG,1238,1238,0.0007526802761051549,0.057979016699909666,0.9913254674799072,0.636225409411519
Partido Popular,EPP,1230,1230,0.007475979305247598,0.023598436302681568,0.9826590956469005,0.9234364801435757
Latvijas Krievu savienība,,0,0,,,,
Křesťanská a demokratická unie - Československá strana lidová,EPP,1131,1150,0.0,0.04450854579077688,0.938695652173913,0.921900154487618
Nacionālā apvienība 'Visu Latvijai!'-'Tēvzemei un Brīvībai/LNNK',ECR,1127,1179,0.0,0.06795600686436942,0.9300254452926209,0.7567262695864252
Alternative für Deutschland,IDG,1193,1193,0.006129505448449288,0.14859773492118475,0.9826517782301522,0.6369384706208474
Prawo i Sprawiedliwość,ECR,1224,1224,0.001082516339869281,0.002922190234575527,0.9838086283493861,0.7591182606216588
Partido Popular,EPP,1232,1232,0.009380534238488784,0.0286011211281508,0.9823219867253957,0.9228353098263613
Partido Socialista,S&D,1217,1217,0.0031840591618734594,0.003006545619288761,0.9935839496028485,0.9634105984009854
Hrvatska demokratska zajednica,EPP,1206,1208,0.008291873963515755,0.030878559005962977,0.9911009933774835,0.925093982454443
,REG,0,1195,,0.06592979246443847,,0.920194460456374
Slovenska demokratska stranka,EPP,1171,1217,0.0,0.05973891298054328,0.9852095316351684,0.9228363775476431
Italia Viva,REG,0,1248,,0.015900411917200367,,0.920295075883542
Parti ouvrier socialiste luxembourgeois,S&D,0,1211,,0.052842257597654665,1.0,0.9631812662996295
Junts per Catalunya - Lliures per Europa,,1138,0,0.006151142355008787,,0.9870386643233744,
Hrvatska demokratska zajednica,EPP,1162,1214,0.004302925989672977,0.06728761251164835,0.9913025889967637,0.9234968866184061
Partidul Naţional Liberal,EPP,1146,1200,0.007344386271087843,0.05080282968790967,0.9811561430127607,0.9238792090921255
Junts per Catalunya - Lliures per Europa,,1139,0,0.007901668129938543,,0.9864035087719298,
Esquerra Republicana de Catalunya,,34,0,0.0,,0.9946996466431095,
Vihreä liitto,Greens/EFA,1097,1139,0.006381039197812215,0.03917695866718324,0.990625,0.9713982858017356
Scottish National Party,Greens/EFA,10,283,0.0,0.7900067091648387,1.0,0.9712010370224529
Fianna Fáil Party,REG,1120,1203,0.0,0.07587348232637961,0.9944260941370768,0.919616926406196
Fratelli d'Italia,ECR,1139,1219,0.020130440235795813,0.10158353358890146,0.927069045681739,0.7607737504699089
Liste Renaissance,REG,1045,1117,0.00840339485076327,0.07278087970861719,0.9802856319710251,0.9152499375539498
Fine Gael Party,EPP,1117,1197,0.006266786034019696,0.08911494580324221,0.9907287449392714,0.9228110693567043
Miljöpartiet de gröna,Greens/EFA,1127,1169,0.001774622892635315,0.04822415873983374,0.9969733656174334,0.9710408227197849
Vox,ECR,1135,1223,0.0052863436123348016,0.225596114059617,0.9871742671009772,0.7600377914376177
Forza Italia,EPP,1166,1206,0.021343829126847996,0.08291812976299938,0.8066662838768948,0.922968964182082
Liste Renaissance,REG,1128,1200,0.011054120229652143,0.06725555617126643,0.9813196044546851,0.9190475401997813
Europe Écologie,Greens/EFA,1140,1174,0.018686868686868686,0.05047443774924152,0.9851844263721273,0.9706798123166951
Socijaldemokratska partija Hrvatske,S&D,1099,1174,0.0009099181073703367,0.06057159844330912,0.9935344827586207,0.9648089207952669
Rassemblement national,IDG,1124,1190,0.0026690391459074734,0.11656043831687043,0.9949135567732529,0.6362890961001311
Kresťanskodemokratické hnutie,EPP,1120,1210,0.0,0.13158685578563567,0.9434764991896273,0.9229541301201889
Partido Popular,EPP,1110,1190,0.015376740376740378,0.0839186301392751,0.9826104948254786,0.9231005927133368
Parti Socialiste,S&D,1123,1191,0.012355298308103295,0.10781725635308641,0.9568016194331984,0.9642497735327749
Partidul Social Democrat,S&D,1129,1193,0.010027837530051879,0.06809619674993242,0.9808518924532654,0.9627297865251722
Junts per Catalunya - Lliures per Europa,,1124,0,0.010676156583629894,,0.9871066433566433,
Partido Socialista Obrero Español,S&D,1115,1175,0.010762331838565023,0.05903615275463402,0.9915067466707446,0.9635617443117425
Österreichische Volkspartei,EPP,1036,1109,0.0009652509652509653,0.08160852922463258,0.9845040548970679,0.9203036083481173
Fratelli d'Italia,ECR,1115,1200,0.1702434336963485,0.20224782340708036,0.9252154663518298,0.7585147774290721
"Venstre, Danmarks Liberale Parti",REG,1111,1183,0.0054005400540054005,0.13063925265953794,0.9888044371405095,0.9194508992238053
Prawo i Sprawiedliwość,ECR,1126,1205,0.010803055919169335,0.06000217468852551,0.9833106478099439,0.7609175927193335
Isamaa,EPP,0,1202,,0.07312098650832707,,0.9230969296687795
Ciudadanos – Partido de la Ciudadanía,REG,1123,1202,0.003561887800534283,0.06568486565743173,0.9902777777777779,0.9192515169590383
Partij voor de Vrijheid,IDG,0,1082,,0.35433674815770805,,0.6346432906050097
Volkspartij voor Vrijheid en Democratie,REG,1109,1186,0.002705139765554554,0.11273452325748781,0.9957177814029364,0.9187292616778299
,ECR,0,1210,,0.3158996949455983,,0.7588864542792487
Die Grünen - Die Grüne Alternative,Greens/EFA,1098,1144,0.004553734061930784,0.041458310368086206,0.9927924217462932,0.9706663169062862
Sinn Féin,The Left,11,1165,0.0,0.09788857821242446,0.9987582781456954,0.8125555436841488
Ökologisch-Demokratische Partei,Greens/EFA,0,957,,0.09000557646566312,1.0,0.9707921442128706
Esquerra Republicana de Catalunya,Greens/EFA,875,915,0.0,0.045842695203518885,0.9936974789915967,0.9731716420935179
Groen,Greens/EFA,0,827,,0.10881307597812215,1.0,0.9708175020017622
Partit Laburista,S&D,790,948,0.025949367088607594,0.18983314164846204,0.9759023789991796,0.96294165059963
Uniunea Salvați România,REG,774,953,0.01630214101144334,0.17315572654143543,0.9873953049427864,0.9188369367782039
Fine Gael Party,EPP,770,1009,0.00974025974025974,0.24195480518972992,0.9910032493907394,0.9229420627976277
Uniunea Salvați România,REG,726,949,0.01856060606060606,0.21001835189484622,0.9877983327623615,0.9195307291787851
Fidesz-Magyar Polgári Szövetség-Kereszténydemokrata Néppárt,,712,0,0.013762980932924752,,0.9892450115978326,
Christen-Democratisch & Vlaams,EPP,633,974,0.0,0.2836294198390506,0.9761419249592169,0.9233766893308814
Centerpartiet,REG,681,932,0.0,0.278783330020957,0.9927066450567261,0.9189633529108567
JA21,ECR,724,1134,0.011049723756906077,0.5405186262096462,0.9957966373098479,0.7602516067205617
Partij van de Arbeid,S&D,619,868,0.0016155088852988692,0.2702432179015671,0.9950443190975019,0.9627187848012914
,ECR,0,1106,,0.4469434630087034,,0.7603226776704425
Partido Comunista Português,The Left,535,847,0.0,0.4905694938754345,0.9950980392156863,0.8113699012330005
Christlich Demokratische Union Deutschlands,EPP,361,802,0.15109514216162412,0.5513964861726284,0.9837939907420922,0.9231500772352493
Arbetarepartiet- Socialdemokraterna,S&D,261,588,0.028735632183908046,0.5860810704586136,0.9878302642113691,0.9628211944546362
Bündnis 90/Die Grünen,Greens/EFA,277,445,0.13862024194059155,0.42862416412893733,0.991721160327246,0.970994139841321
Sozialdemokratische Partei Deutschlands,S&D,275,572,0.20276051221505767,0.5919362931870896,0.9725606264195852,0.9630688676173306
Volkspartij voor Vrijheid en Democratie,REG,236,618,0.00847457627118644,0.5834477004888815,0.9957282343368592,0.9191972617722188
Partito Democratico,S&D,289,582,0.20660006083881516,0.5807305660633193,0.9818406323460367,0.9628211944546362
Sozialdemokratische Partei Deutschlands,S&D,252,549,0.21809182880611452,0.6167350814262573,0.9729932228544481,0.9631122382212335
Socialni demokrati,S&D,56,440,0.0,0.8498048842054571,0.9765817584223501,0.9625209207624624
